verdict,deunggeup,clr,plt_grade,side,min_qty,auth_value,live_value,comp_cd,src_ref,comp_price_id
match,칼라(4도),칼라,3절,단면,1,4500,4500,COMP_PRINT_DIGITAL_S1,D64,38664
match,칼라(4도),칼라,3절,단면,2,2800,2800,COMP_PRINT_DIGITAL_S1,D65,38667
match,칼라(4도),칼라,3절,단면,3,2500,2500,COMP_PRINT_DIGITAL_S1,D66,38669
match,칼라(4도),칼라,3절,단면,4,2000,2000,COMP_PRINT_DIGITAL_S1,D67,38670
match,칼라(4도),칼라,3절,단면,5,1700,1700,COMP_PRINT_DIGITAL_S1,D68,38673
match,칼라(4도),칼라,3절,단면,6,1500,1500,COMP_PRINT_DIGITAL_S1,D69,38675
match,칼라(4도),칼라,3절,단면,7,1300,1300,COMP_PRINT_DIGITAL_S1,D70,38676
match,칼라(4도),칼라,3절,단면,8,1200,1200,COMP_PRINT_DIGITAL_S1,D71,38678
match,칼라(4도),칼라,3절,단면,9,1100,1100,COMP_PRINT_DIGITAL_S1,D72,38681
match,칼라(4도),칼라,3절,단면,10,1000,1000,COMP_PRINT_DIGITAL_S1,D73,38682
match,칼라(4도),칼라,3절,단면,15,1200,1200,COMP_PRINT_DIGITAL_S1,D74,38684
match,칼라(4도),칼라,3절,단면,20,1150,1150,COMP_PRINT_DIGITAL_S1,D75,38686
match,칼라(4도),칼라,3절,단면,25,1080,1080,COMP_PRINT_DIGITAL_S1,D76,38688
match,칼라(4도),칼라,3절,단면,30,1010,1010,COMP_PRINT_DIGITAL_S1,D77,38691
match,칼라(4도),칼라,3절,단면,35,950,950,COMP_PRINT_DIGITAL_S1,D78,38693
match,칼라(4도),칼라,3절,단면,40,880,880,COMP_PRINT_DIGITAL_S1,D79,38695
match,칼라(4도),칼라,3절,단면,45,810,810,COMP_PRINT_DIGITAL_S1,D80,38696
match,칼라(4도),칼라,3절,단면,50,750,750,COMP_PRINT_DIGITAL_S1,D81,38699
match,칼라(4도),칼라,3절,단면,60,680,680,COMP_PRINT_DIGITAL_S1,D82,38700
match,칼라(4도),칼라,3절,단면,70,610,610,COMP_PRINT_DIGITAL_S1,D83,38703
match,칼라(4도),칼라,3절,단면,80,540,540,COMP_PRINT_DIGITAL_S1,D84,38705
match,칼라(4도),칼라,3절,단면,90,470,470,COMP_PRINT_DIGITAL_S1,D85,38706
match,칼라(4도),칼라,3절,단면,100,470,470,COMP_PRINT_DIGITAL_S1,D86,38709
match,칼라(4도),칼라,3절,단면,150,450,450,COMP_PRINT_DIGITAL_S1,D87,38711
match,칼라(4도),칼라,3절,단면,200,420,420,COMP_PRINT_DIGITAL_S1,D88,38713
match,칼라(4도),칼라,3절,단면,250,390,390,COMP_PRINT_DIGITAL_S1,D89,38715
match,칼라(4도),칼라,3절,단면,300,360,360,COMP_PRINT_DIGITAL_S1,D90,38716
match,칼라(4도),칼라,3절,단면,350,340,340,COMP_PRINT_DIGITAL_S1,D91,38718
match,칼라(4도),칼라,3절,단면,400,310,310,COMP_PRINT_DIGITAL_S1,D92,38720
match,칼라(4도),칼라,3절,단면,450,280,280,COMP_PRINT_DIGITAL_S1,D93,38722
match,칼라(4도),칼라,3절,단면,500,260,260,COMP_PRINT_DIGITAL_S1,D94,38724
match,칼라(4도),칼라,3절,단면,600,250,250,COMP_PRINT_DIGITAL_S1,D95,38726
match,칼라(4도),칼라,3절,단면,700,240,240,COMP_PRINT_DIGITAL_S1,D96,38728
match,칼라(4도),칼라,3절,단면,800,240,240,COMP_PRINT_DIGITAL_S1,D97,38730
match,칼라(4도),칼라,3절,단면,900,230,230,COMP_PRINT_DIGITAL_S1,D98,38732
match,칼라(4도),칼라,3절,단면,1000,220,220,COMP_PRINT_DIGITAL_S1,D99,38734
match,칼라(4도),칼라,3절,단면,1200,220,220,COMP_PRINT_DIGITAL_S1,D100,38736
match,칼라(4도),칼라,3절,단면,1400,220,220,COMP_PRINT_DIGITAL_S1,D101,38738
match,칼라(4도),칼라,3절,단면,1600,220,220,COMP_PRINT_DIGITAL_S1,D102,38741
match,칼라(4도),칼라,3절,단면,1800,210,210,COMP_PRINT_DIGITAL_S1,D103,38742
match,칼라(4도),칼라,3절,단면,2000,210,210,COMP_PRINT_DIGITAL_S1,D104,38744
match,칼라(4도),칼라,3절,단면,2500,210,210,COMP_PRINT_DIGITAL_S1,D105,38747
match,칼라(4도),칼라,3절,단면,3000,210,210,COMP_PRINT_DIGITAL_S1,D106,38749
match,칼라(4도),칼라,3절,단면,3500,210,210,COMP_PRINT_DIGITAL_S1,D107,38750
match,칼라(4도),칼라,3절,단면,4000,200,200,COMP_PRINT_DIGITAL_S1,D108,38752
match,칼라(4도),칼라,3절,단면,4500,200,200,COMP_PRINT_DIGITAL_S1,D109,38755
match,칼라(4도),칼라,3절,단면,5000,200,200,COMP_PRINT_DIGITAL_S1,D110,38757
match,칼라(4도),칼라,3절,단면,6000,200,200,COMP_PRINT_DIGITAL_S1,D111,38758
match,칼라(4도),칼라,3절,단면,7000,200,200,COMP_PRINT_DIGITAL_S1,D112,38761
match,칼라(4도),칼라,3절,단면,8000,200,200,COMP_PRINT_DIGITAL_S1,D113,38762
match,칼라(4도),칼라,3절,단면,9000,190,190,COMP_PRINT_DIGITAL_S1,D114,38765
match,칼라(4도),칼라,3절,단면,10000,190,190,COMP_PRINT_DIGITAL_S1,D115,38767
match,칼라(4도),칼라,3절,단면,1000000,190,190,COMP_PRINT_DIGITAL_S1,D116,38768
match,칼라(4도),칼라,3절,양면,1,7000,7000,COMP_PRINT_DIGITAL_S1,E64,38770
match,칼라(4도),칼라,3절,양면,2,4600,4600,COMP_PRINT_DIGITAL_S1,E65,38772
match,칼라(4도),칼라,3절,양면,3,4300,4300,COMP_PRINT_DIGITAL_S1,E66,38774
match,칼라(4도),칼라,3절,양면,4,3500,3500,COMP_PRINT_DIGITAL_S1,E67,38776
match,칼라(4도),칼라,3절,양면,5,3000,3000,COMP_PRINT_DIGITAL_S1,E68,38778
match,칼라(4도),칼라,3절,양면,6,2600,2600,COMP_PRINT_DIGITAL_S1,E69,38781
match,칼라(4도),칼라,3절,양면,7,2300,2300,COMP_PRINT_DIGITAL_S1,E70,38782
match,칼라(4도),칼라,3절,양면,8,2100,2100,COMP_PRINT_DIGITAL_S1,E71,38785
match,칼라(4도),칼라,3절,양면,9,1900,1900,COMP_PRINT_DIGITAL_S1,E72,38787
match,칼라(4도),칼라,3절,양면,10,1600,1600,COMP_PRINT_DIGITAL_S1,E73,38788
match,칼라(4도),칼라,3절,양면,15,2430,2430,COMP_PRINT_DIGITAL_S1,E74,38790
match,칼라(4도),칼라,3절,양면,20,2300,2300,COMP_PRINT_DIGITAL_S1,E75,38793
match,칼라(4도),칼라,3절,양면,25,2200,2200,COMP_PRINT_DIGITAL_S1,E76,38795
match,칼라(4도),칼라,3절,양면,30,2030,2030,COMP_PRINT_DIGITAL_S1,E77,38796
match,칼라(4도),칼라,3절,양면,35,1890,1890,COMP_PRINT_DIGITAL_S1,E78,38799
match,칼라(4도),칼라,3절,양면,40,1760,1760,COMP_PRINT_DIGITAL_S1,E79,38801
match,칼라(4도),칼라,3절,양면,45,1620,1620,COMP_PRINT_DIGITAL_S1,E80,38802
match,칼라(4도),칼라,3절,양면,50,1490,1490,COMP_PRINT_DIGITAL_S1,E81,38805
match,칼라(4도),칼라,3절,양면,60,1350,1350,COMP_PRINT_DIGITAL_S1,E82,38807
match,칼라(4도),칼라,3절,양면,70,1200,1200,COMP_PRINT_DIGITAL_S1,E83,38809
match,칼라(4도),칼라,3절,양면,80,1080,1080,COMP_PRINT_DIGITAL_S1,E84,38810
match,칼라(4도),칼라,3절,양면,90,950,950,COMP_PRINT_DIGITAL_S1,E85,38812
match,칼라(4도),칼라,3절,양면,100,950,950,COMP_PRINT_DIGITAL_S1,E86,38814
match,칼라(4도),칼라,3절,양면,150,890,890,COMP_PRINT_DIGITAL_S1,E87,38817
match,칼라(4도),칼라,3절,양면,200,840,840,COMP_PRINT_DIGITAL_S1,E88,38819
match,칼라(4도),칼라,3절,양면,250,780,780,COMP_PRINT_DIGITAL_S1,E89,38821
match,칼라(4도),칼라,3절,양면,300,730,730,COMP_PRINT_DIGITAL_S1,E90,38822
match,칼라(4도),칼라,3절,양면,350,680,680,COMP_PRINT_DIGITAL_S1,E91,38825
match,칼라(4도),칼라,3절,양면,400,620,620,COMP_PRINT_DIGITAL_S1,E92,38826
match,칼라(4도),칼라,3절,양면,450,560,560,COMP_PRINT_DIGITAL_S1,E93,38828
match,칼라(4도),칼라,3절,양면,500,520,520,COMP_PRINT_DIGITAL_S1,E94,38831
match,칼라(4도),칼라,3절,양면,600,500,500,COMP_PRINT_DIGITAL_S1,E95,38832
match,칼라(4도),칼라,3절,양면,700,490,490,COMP_PRINT_DIGITAL_S1,E96,38834
match,칼라(4도),칼라,3절,양면,800,480,480,COMP_PRINT_DIGITAL_S1,E97,38837
match,칼라(4도),칼라,3절,양면,900,460,460,COMP_PRINT_DIGITAL_S1,E98,38839
match,칼라(4도),칼라,3절,양면,1000,450,450,COMP_PRINT_DIGITAL_S1,E99,38841
match,칼라(4도),칼라,3절,양면,1200,440,440,COMP_PRINT_DIGITAL_S1,E100,38843
match,칼라(4도),칼라,3절,양면,1400,440,440,COMP_PRINT_DIGITAL_S1,E101,38845
match,칼라(4도),칼라,3절,양면,1600,430,430,COMP_PRINT_DIGITAL_S1,E102,38846
match,칼라(4도),칼라,3절,양면,1800,420,420,COMP_PRINT_DIGITAL_S1,E103,38848
match,칼라(4도),칼라,3절,양면,2000,420,420,COMP_PRINT_DIGITAL_S1,E104,38851
match,칼라(4도),칼라,3절,양면,2500,420,420,COMP_PRINT_DIGITAL_S1,E105,38853
match,칼라(4도),칼라,3절,양면,3000,410,410,COMP_PRINT_DIGITAL_S1,E106,38854
match,칼라(4도),칼라,3절,양면,3500,410,410,COMP_PRINT_DIGITAL_S1,E107,38856
match,칼라(4도),칼라,3절,양면,4000,410,410,COMP_PRINT_DIGITAL_S1,E108,38858
match,칼라(4도),칼라,3절,양면,4500,400,400,COMP_PRINT_DIGITAL_S1,E109,38861
match,칼라(4도),칼라,3절,양면,5000,400,400,COMP_PRINT_DIGITAL_S1,E110,38863
match,칼라(4도),칼라,3절,양면,6000,400,400,COMP_PRINT_DIGITAL_S1,E111,38864
match,칼라(4도),칼라,3절,양면,7000,400,400,COMP_PRINT_DIGITAL_S1,E112,38866
match,칼라(4도),칼라,3절,양면,8000,400,400,COMP_PRINT_DIGITAL_S1,E113,38868
match,칼라(4도),칼라,3절,양면,9000,390,390,COMP_PRINT_DIGITAL_S1,E114,38870
match,칼라(4도),칼라,3절,양면,10000,390,390,COMP_PRINT_DIGITAL_S1,E115,38873
match,칼라(4도),칼라,3절,양면,1000000,390,390,COMP_PRINT_DIGITAL_S1,E116,38874
match,흑백(1도),흑백,3절,단면,1,3500,3500,COMP_PRINT_DIGITAL_S1,B64,40950
match,흑백(1도),흑백,3절,단면,2,2500,2500,COMP_PRINT_DIGITAL_S1,B65,40951
match,흑백(1도),흑백,3절,단면,3,2000,2000,COMP_PRINT_DIGITAL_S1,B66,40952
match,흑백(1도),흑백,3절,단면,4,1800,1800,COMP_PRINT_DIGITAL_S1,B67,40953
match,흑백(1도),흑백,3절,단면,5,1200,1200,COMP_PRINT_DIGITAL_S1,B68,40954
match,흑백(1도),흑백,3절,단면,6,900,900,COMP_PRINT_DIGITAL_S1,B69,40955
match,흑백(1도),흑백,3절,단면,7,800,800,COMP_PRINT_DIGITAL_S1,B70,40956
match,흑백(1도),흑백,3절,단면,8,700,700,COMP_PRINT_DIGITAL_S1,B71,40957
match,흑백(1도),흑백,3절,단면,9,600,600,COMP_PRINT_DIGITAL_S1,B72,40958
match,흑백(1도),흑백,3절,단면,10,500,500,COMP_PRINT_DIGITAL_S1,B73,40959
match,흑백(1도),흑백,3절,단면,15,610,610,COMP_PRINT_DIGITAL_S1,B74,40960
match,흑백(1도),흑백,3절,단면,20,540,540,COMP_PRINT_DIGITAL_S1,B75,40961
match,흑백(1도),흑백,3절,단면,25,470,470,COMP_PRINT_DIGITAL_S1,B76,40962
match,흑백(1도),흑백,3절,단면,30,410,410,COMP_PRINT_DIGITAL_S1,B77,40963
match,흑백(1도),흑백,3절,단면,35,380,380,COMP_PRINT_DIGITAL_S1,B78,40964
match,흑백(1도),흑백,3절,단면,40,340,340,COMP_PRINT_DIGITAL_S1,B79,40965
match,흑백(1도),흑백,3절,단면,45,340,340,COMP_PRINT_DIGITAL_S1,B80,40966
match,흑백(1도),흑백,3절,단면,50,340,340,COMP_PRINT_DIGITAL_S1,B81,40967
match,흑백(1도),흑백,3절,단면,60,270,270,COMP_PRINT_DIGITAL_S1,B82,40968
match,흑백(1도),흑백,3절,단면,70,270,270,COMP_PRINT_DIGITAL_S1,B83,40969
match,흑백(1도),흑백,3절,단면,80,270,270,COMP_PRINT_DIGITAL_S1,B84,40970
match,흑백(1도),흑백,3절,단면,90,270,270,COMP_PRINT_DIGITAL_S1,B85,40971
match,흑백(1도),흑백,3절,단면,100,270,270,COMP_PRINT_DIGITAL_S1,B86,40972
match,흑백(1도),흑백,3절,단면,150,190,190,COMP_PRINT_DIGITAL_S1,B87,40973
match,흑백(1도),흑백,3절,단면,200,180,180,COMP_PRINT_DIGITAL_S1,B88,40974
match,흑백(1도),흑백,3절,단면,250,160,160,COMP_PRINT_DIGITAL_S1,B89,40975
match,흑백(1도),흑백,3절,단면,300,150,150,COMP_PRINT_DIGITAL_S1,B90,40976
match,흑백(1도),흑백,3절,단면,350,140,140,COMP_PRINT_DIGITAL_S1,B91,40977
match,흑백(1도),흑백,3절,단면,400,120,120,COMP_PRINT_DIGITAL_S1,B92,40978
match,흑백(1도),흑백,3절,단면,450,110,110,COMP_PRINT_DIGITAL_S1,B93,40979
match,흑백(1도),흑백,3절,단면,500,95,95,COMP_PRINT_DIGITAL_S1,B94,40980
match,흑백(1도),흑백,3절,단면,600,95,95,COMP_PRINT_DIGITAL_S1,B95,40981
match,흑백(1도),흑백,3절,단면,700,95,95,COMP_PRINT_DIGITAL_S1,B96,40982
match,흑백(1도),흑백,3절,단면,800,95,95,COMP_PRINT_DIGITAL_S1,B97,40983
match,흑백(1도),흑백,3절,단면,900,95,95,COMP_PRINT_DIGITAL_S1,B98,40984
match,흑백(1도),흑백,3절,단면,1000,95,95,COMP_PRINT_DIGITAL_S1,B99,40985
match,흑백(1도),흑백,3절,단면,1200,95,95,COMP_PRINT_DIGITAL_S1,B100,40986
match,흑백(1도),흑백,3절,단면,1400,88,88,COMP_PRINT_DIGITAL_S1,B101,40987
match,흑백(1도),흑백,3절,단면,1600,88,88,COMP_PRINT_DIGITAL_S1,B102,40988
match,흑백(1도),흑백,3절,단면,1800,81,81,COMP_PRINT_DIGITAL_S1,B103,40989
match,흑백(1도),흑백,3절,단면,2000,81,81,COMP_PRINT_DIGITAL_S1,B104,40990
match,흑백(1도),흑백,3절,단면,2500,75,75,COMP_PRINT_DIGITAL_S1,B105,40991
match,흑백(1도),흑백,3절,단면,3000,75,75,COMP_PRINT_DIGITAL_S1,B106,40992
match,흑백(1도),흑백,3절,단면,3500,68,68,COMP_PRINT_DIGITAL_S1,B107,40993
match,흑백(1도),흑백,3절,단면,4000,68,68,COMP_PRINT_DIGITAL_S1,B108,40994
match,흑백(1도),흑백,3절,단면,4500,61,61,COMP_PRINT_DIGITAL_S1,B109,40995
match,흑백(1도),흑백,3절,단면,5000,61,61,COMP_PRINT_DIGITAL_S1,B110,40996
match,흑백(1도),흑백,3절,단면,6000,54,54,COMP_PRINT_DIGITAL_S1,B111,40997
match,흑백(1도),흑백,3절,단면,7000,54,54,COMP_PRINT_DIGITAL_S1,B112,40998
match,흑백(1도),흑백,3절,단면,8000,54,54,COMP_PRINT_DIGITAL_S1,B113,40999
match,흑백(1도),흑백,3절,단면,9000,54,54,COMP_PRINT_DIGITAL_S1,B114,41000
match,흑백(1도),흑백,3절,단면,10000,54,54,COMP_PRINT_DIGITAL_S1,B115,41001
match,흑백(1도),흑백,3절,단면,1000000,54,54,COMP_PRINT_DIGITAL_S1,B116,41002
match,흑백(1도),흑백,3절,양면,1,5000,5000,COMP_PRINT_DIGITAL_S1,C64,41250
match,흑백(1도),흑백,3절,양면,2,2900,2900,COMP_PRINT_DIGITAL_S1,C65,41251
match,흑백(1도),흑백,3절,양면,3,2500,2500,COMP_PRINT_DIGITAL_S1,C66,41252
match,흑백(1도),흑백,3절,양면,4,2200,2200,COMP_PRINT_DIGITAL_S1,C67,41253
match,흑백(1도),흑백,3절,양면,5,2000,2000,COMP_PRINT_DIGITAL_S1,C68,41254
match,흑백(1도),흑백,3절,양면,6,1900,1900,COMP_PRINT_DIGITAL_S1,C69,41255
match,흑백(1도),흑백,3절,양면,7,1700,1700,COMP_PRINT_DIGITAL_S1,C70,41256
match,흑백(1도),흑백,3절,양면,8,1500,1500,COMP_PRINT_DIGITAL_S1,C71,41257
match,흑백(1도),흑백,3절,양면,9,1300,1300,COMP_PRINT_DIGITAL_S1,C72,41258
match,흑백(1도),흑백,3절,양면,10,1200,1200,COMP_PRINT_DIGITAL_S1,C73,41259
match,흑백(1도),흑백,3절,양면,15,1200,1200,COMP_PRINT_DIGITAL_S1,C74,41260
match,흑백(1도),흑백,3절,양면,20,1080,1080,COMP_PRINT_DIGITAL_S1,C75,41261
match,흑백(1도),흑백,3절,양면,25,950,950,COMP_PRINT_DIGITAL_S1,C76,41262
match,흑백(1도),흑백,3절,양면,30,810,810,COMP_PRINT_DIGITAL_S1,C77,41263
match,흑백(1도),흑백,3절,양면,35,760,760,COMP_PRINT_DIGITAL_S1,C78,41264
match,흑백(1도),흑백,3절,양면,40,680,680,COMP_PRINT_DIGITAL_S1,C79,41265
match,흑백(1도),흑백,3절,양면,45,680,680,COMP_PRINT_DIGITAL_S1,C80,41266
match,흑백(1도),흑백,3절,양면,50,680,680,COMP_PRINT_DIGITAL_S1,C81,41267
match,흑백(1도),흑백,3절,양면,60,540,540,COMP_PRINT_DIGITAL_S1,C82,41268
match,흑백(1도),흑백,3절,양면,70,540,540,COMP_PRINT_DIGITAL_S1,C83,41269
match,흑백(1도),흑백,3절,양면,80,540,540,COMP_PRINT_DIGITAL_S1,C84,41270
match,흑백(1도),흑백,3절,양면,90,540,540,COMP_PRINT_DIGITAL_S1,C85,41271
match,흑백(1도),흑백,3절,양면,100,540,540,COMP_PRINT_DIGITAL_S1,C86,41272
match,흑백(1도),흑백,3절,양면,150,380,380,COMP_PRINT_DIGITAL_S1,C87,41273
match,흑백(1도),흑백,3절,양면,200,350,350,COMP_PRINT_DIGITAL_S1,C88,41274
match,흑백(1도),흑백,3절,양면,250,330,330,COMP_PRINT_DIGITAL_S1,C89,41275
match,흑백(1도),흑백,3절,양면,300,300,300,COMP_PRINT_DIGITAL_S1,C90,41276
match,흑백(1도),흑백,3절,양면,350,270,270,COMP_PRINT_DIGITAL_S1,C91,41277
match,흑백(1도),흑백,3절,양면,400,250,250,COMP_PRINT_DIGITAL_S1,C92,41278
match,흑백(1도),흑백,3절,양면,450,220,220,COMP_PRINT_DIGITAL_S1,C93,41279
match,흑백(1도),흑백,3절,양면,500,190,190,COMP_PRINT_DIGITAL_S1,C94,41280
match,흑백(1도),흑백,3절,양면,600,190,190,COMP_PRINT_DIGITAL_S1,C95,41281
match,흑백(1도),흑백,3절,양면,700,190,190,COMP_PRINT_DIGITAL_S1,C96,41282
match,흑백(1도),흑백,3절,양면,800,190,190,COMP_PRINT_DIGITAL_S1,C97,41283
match,흑백(1도),흑백,3절,양면,900,190,190,COMP_PRINT_DIGITAL_S1,C98,41284
match,흑백(1도),흑백,3절,양면,1000,190,190,COMP_PRINT_DIGITAL_S1,C99,41285
match,흑백(1도),흑백,3절,양면,1200,190,190,COMP_PRINT_DIGITAL_S1,C100,41286
match,흑백(1도),흑백,3절,양면,1400,180,180,COMP_PRINT_DIGITAL_S1,C101,41287
match,흑백(1도),흑백,3절,양면,1600,180,180,COMP_PRINT_DIGITAL_S1,C102,41288
match,흑백(1도),흑백,3절,양면,1800,160,160,COMP_PRINT_DIGITAL_S1,C103,41289
match,흑백(1도),흑백,3절,양면,2000,160,160,COMP_PRINT_DIGITAL_S1,C104,41290
match,흑백(1도),흑백,3절,양면,2500,150,150,COMP_PRINT_DIGITAL_S1,C105,41291
match,흑백(1도),흑백,3절,양면,3000,150,150,COMP_PRINT_DIGITAL_S1,C106,41292
match,흑백(1도),흑백,3절,양면,3500,135,135,COMP_PRINT_DIGITAL_S1,C107,41293
match,흑백(1도),흑백,3절,양면,4000,135,135,COMP_PRINT_DIGITAL_S1,C108,41294
match,흑백(1도),흑백,3절,양면,4500,122,122,COMP_PRINT_DIGITAL_S1,C109,41295
match,흑백(1도),흑백,3절,양면,5000,122,122,COMP_PRINT_DIGITAL_S1,C110,41296
match,흑백(1도),흑백,3절,양면,6000,108,108,COMP_PRINT_DIGITAL_S1,C111,41297
match,흑백(1도),흑백,3절,양면,7000,108,108,COMP_PRINT_DIGITAL_S1,C112,41298
match,흑백(1도),흑백,3절,양면,8000,108,108,COMP_PRINT_DIGITAL_S1,C113,41299
match,흑백(1도),흑백,3절,양면,9000,108,108,COMP_PRINT_DIGITAL_S1,C114,41300
match,흑백(1도),흑백,3절,양면,10000,108,108,COMP_PRINT_DIGITAL_S1,C115,41301
match,흑백(1도),흑백,3절,양면,1000000,108,108,COMP_PRINT_DIGITAL_S1,C116,41302
match,별색,별색-금색,국4절,단면,1,3000,3000,COMP_PRINT_SPOT_WHITE_S1,L4,7737
match,별색,별색-금색,국4절,단면,2,2500,2500,COMP_PRINT_SPOT_WHITE_S1,L5,7738
match,별색,별색-금색,국4절,단면,3,2300,2300,COMP_PRINT_SPOT_WHITE_S1,L6,7739
match,별색,별색-금색,국4절,단면,4,2300,2300,COMP_PRINT_SPOT_WHITE_S1,L7,7740
match,별색,별색-금색,국4절,단면,5,2100,2100,COMP_PRINT_SPOT_WHITE_S1,L8,7741
match,별색,별색-금색,국4절,단면,6,2000,2000,COMP_PRINT_SPOT_WHITE_S1,L9,7742
match,별색,별색-금색,국4절,단면,7,1900,1900,COMP_PRINT_SPOT_WHITE_S1,L10,7743
match,별색,별색-금색,국4절,단면,8,1800,1800,COMP_PRINT_SPOT_WHITE_S1,L11,7744
match,별색,별색-금색,국4절,단면,9,1700,1700,COMP_PRINT_SPOT_WHITE_S1,L12,7745
match,별색,별색-금색,국4절,단면,10,1600,1600,COMP_PRINT_SPOT_WHITE_S1,L13,7746
match,별색,별색-금색,국4절,단면,15,1500,1500,COMP_PRINT_SPOT_WHITE_S1,L14,7747
match,별색,별색-금색,국4절,단면,20,1450,1450,COMP_PRINT_SPOT_WHITE_S1,L15,7748
match,별색,별색-금색,국4절,단면,25,1400,1400,COMP_PRINT_SPOT_WHITE_S1,L16,7749
match,별색,별색-금색,국4절,단면,30,1350,1350,COMP_PRINT_SPOT_WHITE_S1,L17,7750
match,별색,별색-금색,국4절,단면,35,1300,1300,COMP_PRINT_SPOT_WHITE_S1,L18,7751
match,별색,별색-금색,국4절,단면,40,1250,1250,COMP_PRINT_SPOT_WHITE_S1,L19,7752
match,별색,별색-금색,국4절,단면,45,1200,1200,COMP_PRINT_SPOT_WHITE_S1,L20,7753
match,별색,별색-금색,국4절,단면,50,1150,1150,COMP_PRINT_SPOT_WHITE_S1,L21,7754
match,별색,별색-금색,국4절,단면,60,1150,1150,COMP_PRINT_SPOT_WHITE_S1,L22,7755
match,별색,별색-금색,국4절,단면,70,1100,1100,COMP_PRINT_SPOT_WHITE_S1,L23,7756
match,별색,별색-금색,국4절,단면,80,1050,1050,COMP_PRINT_SPOT_WHITE_S1,L24,7757
match,별색,별색-금색,국4절,단면,90,1000,1000,COMP_PRINT_SPOT_WHITE_S1,L25,7758
match,별색,별색-금색,국4절,단면,100,950,950,COMP_PRINT_SPOT_WHITE_S1,L26,7759
match,별색,별색-금색,국4절,단면,150,900,900,COMP_PRINT_SPOT_WHITE_S1,L27,7760
match,별색,별색-금색,국4절,단면,200,850,850,COMP_PRINT_SPOT_WHITE_S1,L28,7761
match,별색,별색-금색,국4절,단면,250,810,810,COMP_PRINT_SPOT_WHITE_S1,L29,7762
match,별색,별색-금색,국4절,단면,300,770,770,COMP_PRINT_SPOT_WHITE_S1,L30,7763
match,별색,별색-금색,국4절,단면,350,730,730,COMP_PRINT_SPOT_WHITE_S1,L31,7764
match,별색,별색-금색,국4절,단면,400,690,690,COMP_PRINT_SPOT_WHITE_S1,L32,7765
match,별색,별색-금색,국4절,단면,450,650,650,COMP_PRINT_SPOT_WHITE_S1,L33,7766
match,별색,별색-금색,국4절,단면,500,610,610,COMP_PRINT_SPOT_WHITE_S1,L34,7767
match,별색,별색-금색,국4절,단면,600,590,590,COMP_PRINT_SPOT_WHITE_S1,L35,7768
match,별색,별색-금색,국4절,단면,700,570,570,COMP_PRINT_SPOT_WHITE_S1,L36,7769
match,별색,별색-금색,국4절,단면,800,550,550,COMP_PRINT_SPOT_WHITE_S1,L37,7770
match,별색,별색-금색,국4절,단면,900,530,530,COMP_PRINT_SPOT_WHITE_S1,L38,7771
match,별색,별색-금색,국4절,단면,1000,510,510,COMP_PRINT_SPOT_WHITE_S1,L39,7772
match,별색,별색-금색,국4절,단면,1200,500,500,COMP_PRINT_SPOT_WHITE_S1,L40,7773
match,별색,별색-금색,국4절,단면,1400,500,500,COMP_PRINT_SPOT_WHITE_S1,L41,7774
match,별색,별색-금색,국4절,단면,1600,490,490,COMP_PRINT_SPOT_WHITE_S1,L42,7775
match,별색,별색-금색,국4절,단면,1800,490,490,COMP_PRINT_SPOT_WHITE_S1,L43,7776
match,별색,별색-금색,국4절,단면,2000,480,480,COMP_PRINT_SPOT_WHITE_S1,L44,7777
match,별색,별색-금색,국4절,단면,2500,480,480,COMP_PRINT_SPOT_WHITE_S1,L45,7778
match,별색,별색-금색,국4절,단면,3000,470,470,COMP_PRINT_SPOT_WHITE_S1,L46,7779
match,별색,별색-금색,국4절,단면,3500,470,470,COMP_PRINT_SPOT_WHITE_S1,L47,7780
match,별색,별색-금색,국4절,단면,4000,460,460,COMP_PRINT_SPOT_WHITE_S1,L48,7781
match,별색,별색-금색,국4절,단면,4500,460,460,COMP_PRINT_SPOT_WHITE_S1,L49,7782
match,별색,별색-금색,국4절,단면,5000,450,450,COMP_PRINT_SPOT_WHITE_S1,L50,7783
match,별색,별색-금색,국4절,단면,6000,450,450,COMP_PRINT_SPOT_WHITE_S1,L51,7784
match,별색,별색-금색,국4절,단면,7000,450,450,COMP_PRINT_SPOT_WHITE_S1,L52,7785
match,별색,별색-금색,국4절,단면,8000,450,450,COMP_PRINT_SPOT_WHITE_S1,L53,7786
match,별색,별색-금색,국4절,단면,9000,450,450,COMP_PRINT_SPOT_WHITE_S1,L54,7787
match,별색,별색-금색,국4절,단면,10000,450,450,COMP_PRINT_SPOT_WHITE_S1,L55,7788
match,별색,별색-금색,국4절,단면,1000000,450,450,COMP_PRINT_SPOT_WHITE_S1,L56,7789
match,별색,별색-금색,국4절,양면,1,6000,6000,COMP_PRINT_SPOT_WHITE_S1,M4,7790
match,별색,별색-금색,국4절,양면,2,5000,5000,COMP_PRINT_SPOT_WHITE_S1,M5,7791
match,별색,별색-금색,국4절,양면,3,4600,4600,COMP_PRINT_SPOT_WHITE_S1,M6,7792
match,별색,별색-금색,국4절,양면,4,4600,4600,COMP_PRINT_SPOT_WHITE_S1,M7,7793
match,별색,별색-금색,국4절,양면,5,4200,4200,COMP_PRINT_SPOT_WHITE_S1,M8,7794
match,별색,별색-금색,국4절,양면,6,4000,4000,COMP_PRINT_SPOT_WHITE_S1,M9,7795
match,별색,별색-금색,국4절,양면,7,3800,3800,COMP_PRINT_SPOT_WHITE_S1,M10,7796
match,별색,별색-금색,국4절,양면,8,3600,3600,COMP_PRINT_SPOT_WHITE_S1,M11,7797
match,별색,별색-금색,국4절,양면,9,3400,3400,COMP_PRINT_SPOT_WHITE_S1,M12,7798
match,별색,별색-금색,국4절,양면,10,3200,3200,COMP_PRINT_SPOT_WHITE_S1,M13,7799
match,별색,별색-금색,국4절,양면,15,3000,3000,COMP_PRINT_SPOT_WHITE_S1,M14,7800
match,별색,별색-금색,국4절,양면,20,2900,2900,COMP_PRINT_SPOT_WHITE_S1,M15,7801
match,별색,별색-금색,국4절,양면,25,2800,2800,COMP_PRINT_SPOT_WHITE_S1,M16,7802
match,별색,별색-금색,국4절,양면,30,2700,2700,COMP_PRINT_SPOT_WHITE_S1,M17,7803
match,별색,별색-금색,국4절,양면,35,2600,2600,COMP_PRINT_SPOT_WHITE_S1,M18,7804
match,별색,별색-금색,국4절,양면,40,2500,2500,COMP_PRINT_SPOT_WHITE_S1,M19,7805
match,별색,별색-금색,국4절,양면,45,2400,2400,COMP_PRINT_SPOT_WHITE_S1,M20,7806
match,별색,별색-금색,국4절,양면,50,2300,2300,COMP_PRINT_SPOT_WHITE_S1,M21,7807
match,별색,별색-금색,국4절,양면,60,2300,2300,COMP_PRINT_SPOT_WHITE_S1,M22,7808
match,별색,별색-금색,국4절,양면,70,2200,2200,COMP_PRINT_SPOT_WHITE_S1,M23,7809
match,별색,별색-금색,국4절,양면,80,2100,2100,COMP_PRINT_SPOT_WHITE_S1,M24,7810
match,별색,별색-금색,국4절,양면,90,2000,2000,COMP_PRINT_SPOT_WHITE_S1,M25,7811
match,별색,별색-금색,국4절,양면,100,1900,1900,COMP_PRINT_SPOT_WHITE_S1,M26,7812
match,별색,별색-금색,국4절,양면,150,1800,1800,COMP_PRINT_SPOT_WHITE_S1,M27,7813
match,별색,별색-금색,국4절,양면,200,1700,1700,COMP_PRINT_SPOT_WHITE_S1,M28,7814
match,별색,별색-금색,국4절,양면,250,1620,1620,COMP_PRINT_SPOT_WHITE_S1,M29,7815
match,별색,별색-금색,국4절,양면,300,1540,1540,COMP_PRINT_SPOT_WHITE_S1,M30,7816
match,별색,별색-금색,국4절,양면,350,1460,1460,COMP_PRINT_SPOT_WHITE_S1,M31,7817
match,별색,별색-금색,국4절,양면,400,1380,1380,COMP_PRINT_SPOT_WHITE_S1,M32,7818
match,별색,별색-금색,국4절,양면,450,1300,1300,COMP_PRINT_SPOT_WHITE_S1,M33,7819
match,별색,별색-금색,국4절,양면,500,1220,1220,COMP_PRINT_SPOT_WHITE_S1,M34,7820
match,별색,별색-금색,국4절,양면,600,1180,1180,COMP_PRINT_SPOT_WHITE_S1,M35,7821
match,별색,별색-금색,국4절,양면,700,1140,1140,COMP_PRINT_SPOT_WHITE_S1,M36,7822
match,별색,별색-금색,국4절,양면,800,1100,1100,COMP_PRINT_SPOT_WHITE_S1,M37,7823
match,별색,별색-금색,국4절,양면,900,1060,1060,COMP_PRINT_SPOT_WHITE_S1,M38,7824
match,별색,별색-금색,국4절,양면,1000,1020,1020,COMP_PRINT_SPOT_WHITE_S1,M39,7825
match,별색,별색-금색,국4절,양면,1200,1000,1000,COMP_PRINT_SPOT_WHITE_S1,M40,7826
match,별색,별색-금색,국4절,양면,1400,1000,1000,COMP_PRINT_SPOT_WHITE_S1,M41,7827
match,별색,별색-금색,국4절,양면,1600,980,980,COMP_PRINT_SPOT_WHITE_S1,M42,7828
match,별색,별색-금색,국4절,양면,1800,980,980,COMP_PRINT_SPOT_WHITE_S1,M43,7829
match,별색,별색-금색,국4절,양면,2000,960,960,COMP_PRINT_SPOT_WHITE_S1,M44,7830
match,별색,별색-금색,국4절,양면,2500,960,960,COMP_PRINT_SPOT_WHITE_S1,M45,7831
match,별색,별색-금색,국4절,양면,3000,940,940,COMP_PRINT_SPOT_WHITE_S1,M46,7832
match,별색,별색-금색,국4절,양면,3500,940,940,COMP_PRINT_SPOT_WHITE_S1,M47,7833
match,별색,별색-금색,국4절,양면,4000,920,920,COMP_PRINT_SPOT_WHITE_S1,M48,7834
match,별색,별색-금색,국4절,양면,4500,920,920,COMP_PRINT_SPOT_WHITE_S1,M49,7835
match,별색,별색-금색,국4절,양면,5000,900,900,COMP_PRINT_SPOT_WHITE_S1,M50,7836
match,별색,별색-금색,국4절,양면,6000,900,900,COMP_PRINT_SPOT_WHITE_S1,M51,7837
match,별색,별색-금색,국4절,양면,7000,900,900,COMP_PRINT_SPOT_WHITE_S1,M52,7838
match,별색,별색-금색,국4절,양면,8000,900,900,COMP_PRINT_SPOT_WHITE_S1,M53,7839
match,별색,별색-금색,국4절,양면,9000,900,900,COMP_PRINT_SPOT_WHITE_S1,M54,7840
match,별색,별색-금색,국4절,양면,10000,900,900,COMP_PRINT_SPOT_WHITE_S1,M55,7841
match,별색,별색-금색,국4절,양면,1000000,900,900,COMP_PRINT_SPOT_WHITE_S1,M56,7842
match,별색,별색-은색,국4절,단면,1,3000,3000,COMP_PRINT_SPOT_WHITE_S1,N4,7154
match,별색,별색-은색,국4절,단면,2,2500,2500,COMP_PRINT_SPOT_WHITE_S1,N5,7155
match,별색,별색-은색,국4절,단면,3,2300,2300,COMP_PRINT_SPOT_WHITE_S1,N6,7156
match,별색,별색-은색,국4절,단면,4,2300,2300,COMP_PRINT_SPOT_WHITE_S1,N7,7157
match,별색,별색-은색,국4절,단면,5,2100,2100,COMP_PRINT_SPOT_WHITE_S1,N8,7158
match,별색,별색-은색,국4절,단면,6,2000,2000,COMP_PRINT_SPOT_WHITE_S1,N9,7159
match,별색,별색-은색,국4절,단면,7,1900,1900,COMP_PRINT_SPOT_WHITE_S1,N10,7160
match,별색,별색-은색,국4절,단면,8,1800,1800,COMP_PRINT_SPOT_WHITE_S1,N11,7161
match,별색,별색-은색,국4절,단면,9,1700,1700,COMP_PRINT_SPOT_WHITE_S1,N12,7162
match,별색,별색-은색,국4절,단면,10,1600,1600,COMP_PRINT_SPOT_WHITE_S1,N13,7163
match,별색,별색-은색,국4절,단면,15,1500,1500,COMP_PRINT_SPOT_WHITE_S1,N14,7164
match,별색,별색-은색,국4절,단면,20,1450,1450,COMP_PRINT_SPOT_WHITE_S1,N15,7165
match,별색,별색-은색,국4절,단면,25,1400,1400,COMP_PRINT_SPOT_WHITE_S1,N16,7166
match,별색,별색-은색,국4절,단면,30,1350,1350,COMP_PRINT_SPOT_WHITE_S1,N17,7167
match,별색,별색-은색,국4절,단면,35,1300,1300,COMP_PRINT_SPOT_WHITE_S1,N18,7168
match,별색,별색-은색,국4절,단면,40,1250,1250,COMP_PRINT_SPOT_WHITE_S1,N19,7169
match,별색,별색-은색,국4절,단면,45,1200,1200,COMP_PRINT_SPOT_WHITE_S1,N20,7170
match,별색,별색-은색,국4절,단면,50,1150,1150,COMP_PRINT_SPOT_WHITE_S1,N21,7171
match,별색,별색-은색,국4절,단면,60,1150,1150,COMP_PRINT_SPOT_WHITE_S1,N22,7172
match,별색,별색-은색,국4절,단면,70,1100,1100,COMP_PRINT_SPOT_WHITE_S1,N23,7173
match,별색,별색-은색,국4절,단면,80,1050,1050,COMP_PRINT_SPOT_WHITE_S1,N24,7174
match,별색,별색-은색,국4절,단면,90,1000,1000,COMP_PRINT_SPOT_WHITE_S1,N25,7175
match,별색,별색-은색,국4절,단면,100,950,950,COMP_PRINT_SPOT_WHITE_S1,N26,7176
match,별색,별색-은색,국4절,단면,150,900,900,COMP_PRINT_SPOT_WHITE_S1,N27,7177
match,별색,별색-은색,국4절,단면,200,850,850,COMP_PRINT_SPOT_WHITE_S1,N28,7178
match,별색,별색-은색,국4절,단면,250,810,810,COMP_PRINT_SPOT_WHITE_S1,N29,7179
match,별색,별색-은색,국4절,단면,300,770,770,COMP_PRINT_SPOT_WHITE_S1,N30,7180
match,별색,별색-은색,국4절,단면,350,730,730,COMP_PRINT_SPOT_WHITE_S1,N31,7181
match,별색,별색-은색,국4절,단면,400,690,690,COMP_PRINT_SPOT_WHITE_S1,N32,7182
match,별색,별색-은색,국4절,단면,450,650,650,COMP_PRINT_SPOT_WHITE_S1,N33,7183
match,별색,별색-은색,국4절,단면,500,610,610,COMP_PRINT_SPOT_WHITE_S1,N34,7184
match,별색,별색-은색,국4절,단면,600,590,590,COMP_PRINT_SPOT_WHITE_S1,N35,7185
match,별색,별색-은색,국4절,단면,700,570,570,COMP_PRINT_SPOT_WHITE_S1,N36,7186
match,별색,별색-은색,국4절,단면,800,550,550,COMP_PRINT_SPOT_WHITE_S1,N37,7187
match,별색,별색-은색,국4절,단면,900,530,530,COMP_PRINT_SPOT_WHITE_S1,N38,7188
match,별색,별색-은색,국4절,단면,1000,510,510,COMP_PRINT_SPOT_WHITE_S1,N39,7189
match,별색,별색-은색,국4절,단면,1200,500,500,COMP_PRINT_SPOT_WHITE_S1,N40,7190
match,별색,별색-은색,국4절,단면,1400,500,500,COMP_PRINT_SPOT_WHITE_S1,N41,7191
match,별색,별색-은색,국4절,단면,1600,490,490,COMP_PRINT_SPOT_WHITE_S1,N42,7192
match,별색,별색-은색,국4절,단면,1800,490,490,COMP_PRINT_SPOT_WHITE_S1,N43,7193
match,별색,별색-은색,국4절,단면,2000,480,480,COMP_PRINT_SPOT_WHITE_S1,N44,7194
match,별색,별색-은색,국4절,단면,2500,480,480,COMP_PRINT_SPOT_WHITE_S1,N45,7195
match,별색,별색-은색,국4절,단면,3000,470,470,COMP_PRINT_SPOT_WHITE_S1,N46,7196
match,별색,별색-은색,국4절,단면,3500,470,470,COMP_PRINT_SPOT_WHITE_S1,N47,7197
match,별색,별색-은색,국4절,단면,4000,460,460,COMP_PRINT_SPOT_WHITE_S1,N48,7198
match,별색,별색-은색,국4절,단면,4500,460,460,COMP_PRINT_SPOT_WHITE_S1,N49,7199
match,별색,별색-은색,국4절,단면,5000,450,450,COMP_PRINT_SPOT_WHITE_S1,N50,7200
match,별색,별색-은색,국4절,단면,6000,450,450,COMP_PRINT_SPOT_WHITE_S1,N51,7201
match,별색,별색-은색,국4절,단면,7000,450,450,COMP_PRINT_SPOT_WHITE_S1,N52,7202
match,별색,별색-은색,국4절,단면,8000,450,450,COMP_PRINT_SPOT_WHITE_S1,N53,7203
match,별색,별색-은색,국4절,단면,9000,450,450,COMP_PRINT_SPOT_WHITE_S1,N54,7204
match,별색,별색-은색,국4절,단면,10000,450,450,COMP_PRINT_SPOT_WHITE_S1,N55,7205
match,별색,별색-은색,국4절,단면,1000000,450,450,COMP_PRINT_SPOT_WHITE_S1,N56,7206
match,별색,별색-은색,국4절,양면,1,6000,6000,COMP_PRINT_SPOT_WHITE_S1,O4,7578
match,별색,별색-은색,국4절,양면,2,5000,5000,COMP_PRINT_SPOT_WHITE_S1,O5,7579
match,별색,별색-은색,국4절,양면,3,4600,4600,COMP_PRINT_SPOT_WHITE_S1,O6,7580
match,별색,별색-은색,국4절,양면,4,4600,4600,COMP_PRINT_SPOT_WHITE_S1,O7,7581
match,별색,별색-은색,국4절,양면,5,4200,4200,COMP_PRINT_SPOT_WHITE_S1,O8,7582
match,별색,별색-은색,국4절,양면,6,4000,4000,COMP_PRINT_SPOT_WHITE_S1,O9,7583
match,별색,별색-은색,국4절,양면,7,3800,3800,COMP_PRINT_SPOT_WHITE_S1,O10,7584
match,별색,별색-은색,국4절,양면,8,3600,3600,COMP_PRINT_SPOT_WHITE_S1,O11,7585
match,별색,별색-은색,국4절,양면,9,3400,3400,COMP_PRINT_SPOT_WHITE_S1,O12,7586
match,별색,별색-은색,국4절,양면,10,3200,3200,COMP_PRINT_SPOT_WHITE_S1,O13,7587
match,별색,별색-은색,국4절,양면,15,3000,3000,COMP_PRINT_SPOT_WHITE_S1,O14,7588
match,별색,별색-은색,국4절,양면,20,2900,2900,COMP_PRINT_SPOT_WHITE_S1,O15,7589
match,별색,별색-은색,국4절,양면,25,2800,2800,COMP_PRINT_SPOT_WHITE_S1,O16,7590
match,별색,별색-은색,국4절,양면,30,2700,2700,COMP_PRINT_SPOT_WHITE_S1,O17,7591
match,별색,별색-은색,국4절,양면,35,2600,2600,COMP_PRINT_SPOT_WHITE_S1,O18,7592
match,별색,별색-은색,국4절,양면,40,2500,2500,COMP_PRINT_SPOT_WHITE_S1,O19,7593
match,별색,별색-은색,국4절,양면,45,2400,2400,COMP_PRINT_SPOT_WHITE_S1,O20,7594
match,별색,별색-은색,국4절,양면,50,2300,2300,COMP_PRINT_SPOT_WHITE_S1,O21,7595
match,별색,별색-은색,국4절,양면,60,2300,2300,COMP_PRINT_SPOT_WHITE_S1,O22,7596
match,별색,별색-은색,국4절,양면,70,2200,2200,COMP_PRINT_SPOT_WHITE_S1,O23,7597
match,별색,별색-은색,국4절,양면,80,2100,2100,COMP_PRINT_SPOT_WHITE_S1,O24,7598
match,별색,별색-은색,국4절,양면,90,2000,2000,COMP_PRINT_SPOT_WHITE_S1,O25,7599
match,별색,별색-은색,국4절,양면,100,1900,1900,COMP_PRINT_SPOT_WHITE_S1,O26,7600
match,별색,별색-은색,국4절,양면,150,1800,1800,COMP_PRINT_SPOT_WHITE_S1,O27,7601
match,별색,별색-은색,국4절,양면,200,1700,1700,COMP_PRINT_SPOT_WHITE_S1,O28,7602
match,별색,별색-은색,국4절,양면,250,1620,1620,COMP_PRINT_SPOT_WHITE_S1,O29,7603
match,별색,별색-은색,국4절,양면,300,1540,1540,COMP_PRINT_SPOT_WHITE_S1,O30,7604
match,별색,별색-은색,국4절,양면,350,1460,1460,COMP_PRINT_SPOT_WHITE_S1,O31,7605
match,별색,별색-은색,국4절,양면,400,1380,1380,COMP_PRINT_SPOT_WHITE_S1,O32,7606
match,별색,별색-은색,국4절,양면,450,1300,1300,COMP_PRINT_SPOT_WHITE_S1,O33,7607
match,별색,별색-은색,국4절,양면,500,1220,1220,COMP_PRINT_SPOT_WHITE_S1,O34,7608
match,별색,별색-은색,국4절,양면,600,1180,1180,COMP_PRINT_SPOT_WHITE_S1,O35,7609
match,별색,별색-은색,국4절,양면,700,1140,1140,COMP_PRINT_SPOT_WHITE_S1,O36,7610
match,별색,별색-은색,국4절,양면,800,1100,1100,COMP_PRINT_SPOT_WHITE_S1,O37,7611
match,별색,별색-은색,국4절,양면,900,1060,1060,COMP_PRINT_SPOT_WHITE_S1,O38,7612
match,별색,별색-은색,국4절,양면,1000,1020,1020,COMP_PRINT_SPOT_WHITE_S1,O39,7613
match,별색,별색-은색,국4절,양면,1200,1000,1000,COMP_PRINT_SPOT_WHITE_S1,O40,7614
match,별색,별색-은색,국4절,양면,1400,1000,1000,COMP_PRINT_SPOT_WHITE_S1,O41,7615
match,별색,별색-은색,국4절,양면,1600,980,980,COMP_PRINT_SPOT_WHITE_S1,O42,7616
match,별색,별색-은색,국4절,양면,1800,980,980,COMP_PRINT_SPOT_WHITE_S1,O43,7617
match,별색,별색-은색,국4절,양면,2000,960,960,COMP_PRINT_SPOT_WHITE_S1,O44,7618
match,별색,별색-은색,국4절,양면,2500,960,960,COMP_PRINT_SPOT_WHITE_S1,O45,7619
match,별색,별색-은색,국4절,양면,3000,940,940,COMP_PRINT_SPOT_WHITE_S1,O46,7620
match,별색,별색-은색,국4절,양면,3500,940,940,COMP_PRINT_SPOT_WHITE_S1,O47,7621
match,별색,별색-은색,국4절,양면,4000,920,920,COMP_PRINT_SPOT_WHITE_S1,O48,7622
match,별색,별색-은색,국4절,양면,4500,920,920,COMP_PRINT_SPOT_WHITE_S1,O49,7623
match,별색,별색-은색,국4절,양면,5000,900,900,COMP_PRINT_SPOT_WHITE_S1,O50,7624
match,별색,별색-은색,국4절,양면,6000,900,900,COMP_PRINT_SPOT_WHITE_S1,O51,7625
match,별색,별색-은색,국4절,양면,7000,900,900,COMP_PRINT_SPOT_WHITE_S1,O52,7626
match,별색,별색-은색,국4절,양면,8000,900,900,COMP_PRINT_SPOT_WHITE_S1,O53,7627
match,별색,별색-은색,국4절,양면,9000,900,900,COMP_PRINT_SPOT_WHITE_S1,O54,7628
match,별색,별색-은색,국4절,양면,10000,900,900,COMP_PRINT_SPOT_WHITE_S1,O55,7629
match,별색,별색-은색,국4절,양면,1000000,900,900,COMP_PRINT_SPOT_WHITE_S1,O56,7630
match,별색,별색-클리어,국4절,단면,1,3000,3000,COMP_PRINT_SPOT_WHITE_S1,H4,7843
match,별색,별색-클리어,국4절,단면,2,2500,2500,COMP_PRINT_SPOT_WHITE_S1,H5,7844
match,별색,별색-클리어,국4절,단면,3,2300,2300,COMP_PRINT_SPOT_WHITE_S1,H6,7845
match,별색,별색-클리어,국4절,단면,4,2100,2100,COMP_PRINT_SPOT_WHITE_S1,H7,7846
match,별색,별색-클리어,국4절,단면,5,1900,1900,COMP_PRINT_SPOT_WHITE_S1,H8,7847
match,별색,별색-클리어,국4절,단면,6,1800,1800,COMP_PRINT_SPOT_WHITE_S1,H9,7848
match,별색,별색-클리어,국4절,단면,7,1700,1700,COMP_PRINT_SPOT_WHITE_S1,H10,7849
match,별색,별색-클리어,국4절,단면,8,1600,1600,COMP_PRINT_SPOT_WHITE_S1,H11,7850
match,별색,별색-클리어,국4절,단면,9,1500,1500,COMP_PRINT_SPOT_WHITE_S1,H12,7851
match,별색,별색-클리어,국4절,단면,10,1400,1400,COMP_PRINT_SPOT_WHITE_S1,H13,7852
match,별색,별색-클리어,국4절,단면,15,1350,1350,COMP_PRINT_SPOT_WHITE_S1,H14,7853
match,별색,별색-클리어,국4절,단면,20,1300,1300,COMP_PRINT_SPOT_WHITE_S1,H15,7854
match,별색,별색-클리어,국4절,단면,25,1250,1250,COMP_PRINT_SPOT_WHITE_S1,H16,7855
match,별색,별색-클리어,국4절,단면,30,1200,1200,COMP_PRINT_SPOT_WHITE_S1,H17,7856
match,별색,별색-클리어,국4절,단면,35,1150,1150,COMP_PRINT_SPOT_WHITE_S1,H18,7857
match,별색,별색-클리어,국4절,단면,40,1100,1100,COMP_PRINT_SPOT_WHITE_S1,H19,7858
match,별색,별색-클리어,국4절,단면,45,1050,1050,COMP_PRINT_SPOT_WHITE_S1,H20,7859
match,별색,별색-클리어,국4절,단면,50,1000,1000,COMP_PRINT_SPOT_WHITE_S1,H21,7860
match,별색,별색-클리어,국4절,단면,60,1000,1000,COMP_PRINT_SPOT_WHITE_S1,H22,7861
match,별색,별색-클리어,국4절,단면,70,950,950,COMP_PRINT_SPOT_WHITE_S1,H23,7862
match,별색,별색-클리어,국4절,단면,80,900,900,COMP_PRINT_SPOT_WHITE_S1,H24,7863
match,별색,별색-클리어,국4절,단면,90,850,850,COMP_PRINT_SPOT_WHITE_S1,H25,7864
match,별색,별색-클리어,국4절,단면,100,800,800,COMP_PRINT_SPOT_WHITE_S1,H26,7865
match,별색,별색-클리어,국4절,단면,150,750,750,COMP_PRINT_SPOT_WHITE_S1,H27,7866
match,별색,별색-클리어,국4절,단면,200,700,700,COMP_PRINT_SPOT_WHITE_S1,H28,7867
match,별색,별색-클리어,국4절,단면,250,660,660,COMP_PRINT_SPOT_WHITE_S1,H29,7868
match,별색,별색-클리어,국4절,단면,300,620,620,COMP_PRINT_SPOT_WHITE_S1,H30,7869
match,별색,별색-클리어,국4절,단면,350,580,580,COMP_PRINT_SPOT_WHITE_S1,H31,7870
match,별색,별색-클리어,국4절,단면,400,540,540,COMP_PRINT_SPOT_WHITE_S1,H32,7871
match,별색,별색-클리어,국4절,단면,450,500,500,COMP_PRINT_SPOT_WHITE_S1,H33,7872
match,별색,별색-클리어,국4절,단면,500,460,460,COMP_PRINT_SPOT_WHITE_S1,H34,7873
match,별색,별색-클리어,국4절,단면,600,440,440,COMP_PRINT_SPOT_WHITE_S1,H35,7874
match,별색,별색-클리어,국4절,단면,700,420,420,COMP_PRINT_SPOT_WHITE_S1,H36,7875
match,별색,별색-클리어,국4절,단면,800,400,400,COMP_PRINT_SPOT_WHITE_S1,H37,7876
match,별색,별색-클리어,국4절,단면,900,380,380,COMP_PRINT_SPOT_WHITE_S1,H38,7877
match,별색,별색-클리어,국4절,단면,1000,360,360,COMP_PRINT_SPOT_WHITE_S1,H39,7878
match,별색,별색-클리어,국4절,단면,1200,350,350,COMP_PRINT_SPOT_WHITE_S1,H40,7879
match,별색,별색-클리어,국4절,단면,1400,350,350,COMP_PRINT_SPOT_WHITE_S1,H41,7880
match,별색,별색-클리어,국4절,단면,1600,340,340,COMP_PRINT_SPOT_WHITE_S1,H42,7881
match,별색,별색-클리어,국4절,단면,1800,340,340,COMP_PRINT_SPOT_WHITE_S1,H43,7882
match,별색,별색-클리어,국4절,단면,2000,330,330,COMP_PRINT_SPOT_WHITE_S1,H44,7883
match,별색,별색-클리어,국4절,단면,2500,330,330,COMP_PRINT_SPOT_WHITE_S1,H45,7884
match,별색,별색-클리어,국4절,단면,3000,320,320,COMP_PRINT_SPOT_WHITE_S1,H46,7885
match,별색,별색-클리어,국4절,단면,3500,320,320,COMP_PRINT_SPOT_WHITE_S1,H47,7886
match,별색,별색-클리어,국4절,단면,4000,310,310,COMP_PRINT_SPOT_WHITE_S1,H48,7887
match,별색,별색-클리어,국4절,단면,4500,310,310,COMP_PRINT_SPOT_WHITE_S1,H49,7888
match,별색,별색-클리어,국4절,단면,5000,300,300,COMP_PRINT_SPOT_WHITE_S1,H50,7889
match,별색,별색-클리어,국4절,단면,6000,300,300,COMP_PRINT_SPOT_WHITE_S1,H51,7890
match,별색,별색-클리어,국4절,단면,7000,300,300,COMP_PRINT_SPOT_WHITE_S1,H52,7891
match,별색,별색-클리어,국4절,단면,8000,300,300,COMP_PRINT_SPOT_WHITE_S1,H53,7892
match,별색,별색-클리어,국4절,단면,9000,300,300,COMP_PRINT_SPOT_WHITE_S1,H54,7893
match,별색,별색-클리어,국4절,단면,10000,300,300,COMP_PRINT_SPOT_WHITE_S1,H55,7894
match,별색,별색-클리어,국4절,단면,1000000,300,300,COMP_PRINT_SPOT_WHITE_S1,H56,7895
match,별색,별색-클리어,국4절,양면,1,6000,6000,COMP_PRINT_SPOT_WHITE_S1,I4,7896
match,별색,별색-클리어,국4절,양면,2,5000,5000,COMP_PRINT_SPOT_WHITE_S1,I5,7897
match,별색,별색-클리어,국4절,양면,3,4600,4600,COMP_PRINT_SPOT_WHITE_S1,I6,7898
match,별색,별색-클리어,국4절,양면,4,4200,4200,COMP_PRINT_SPOT_WHITE_S1,I7,7899
match,별색,별색-클리어,국4절,양면,5,3800,3800,COMP_PRINT_SPOT_WHITE_S1,I8,7900
match,별색,별색-클리어,국4절,양면,6,3600,3600,COMP_PRINT_SPOT_WHITE_S1,I9,7901
match,별색,별색-클리어,국4절,양면,7,3400,3400,COMP_PRINT_SPOT_WHITE_S1,I10,7902
match,별색,별색-클리어,국4절,양면,8,3200,3200,COMP_PRINT_SPOT_WHITE_S1,I11,7903
match,별색,별색-클리어,국4절,양면,9,3000,3000,COMP_PRINT_SPOT_WHITE_S1,I12,7904
match,별색,별색-클리어,국4절,양면,10,2800,2800,COMP_PRINT_SPOT_WHITE_S1,I13,7905
match,별색,별색-클리어,국4절,양면,15,2700,2700,COMP_PRINT_SPOT_WHITE_S1,I14,7906
match,별색,별색-클리어,국4절,양면,20,2600,2600,COMP_PRINT_SPOT_WHITE_S1,I15,7907
match,별색,별색-클리어,국4절,양면,25,2500,2500,COMP_PRINT_SPOT_WHITE_S1,I16,7908
match,별색,별색-클리어,국4절,양면,30,2400,2400,COMP_PRINT_SPOT_WHITE_S1,I17,7909
match,별색,별색-클리어,국4절,양면,35,2300,2300,COMP_PRINT_SPOT_WHITE_S1,I18,7910
match,별색,별색-클리어,국4절,양면,40,2200,2200,COMP_PRINT_SPOT_WHITE_S1,I19,7911
match,별색,별색-클리어,국4절,양면,45,2100,2100,COMP_PRINT_SPOT_WHITE_S1,I20,7912
match,별색,별색-클리어,국4절,양면,50,2000,2000,COMP_PRINT_SPOT_WHITE_S1,I21,7913
match,별색,별색-클리어,국4절,양면,60,2000,2000,COMP_PRINT_SPOT_WHITE_S1,I22,7914
match,별색,별색-클리어,국4절,양면,70,1900,1900,COMP_PRINT_SPOT_WHITE_S1,I23,7915
match,별색,별색-클리어,국4절,양면,80,1800,1800,COMP_PRINT_SPOT_WHITE_S1,I24,7916
match,별색,별색-클리어,국4절,양면,90,1700,1700,COMP_PRINT_SPOT_WHITE_S1,I25,7917
match,별색,별색-클리어,국4절,양면,100,1600,1600,COMP_PRINT_SPOT_WHITE_S1,I26,7918
match,별색,별색-클리어,국4절,양면,150,1500,1500,COMP_PRINT_SPOT_WHITE_S1,I27,7919
match,별색,별색-클리어,국4절,양면,200,1400,1400,COMP_PRINT_SPOT_WHITE_S1,I28,7920
match,별색,별색-클리어,국4절,양면,250,1320,1320,COMP_PRINT_SPOT_WHITE_S1,I29,7921
match,별색,별색-클리어,국4절,양면,300,1240,1240,COMP_PRINT_SPOT_WHITE_S1,I30,7922
match,별색,별색-클리어,국4절,양면,350,1160,1160,COMP_PRINT_SPOT_WHITE_S1,I31,7923
match,별색,별색-클리어,국4절,양면,400,1080,1080,COMP_PRINT_SPOT_WHITE_S1,I32,7924
match,별색,별색-클리어,국4절,양면,450,1000,1000,COMP_PRINT_SPOT_WHITE_S1,I33,7925
match,별색,별색-클리어,국4절,양면,500,920,920,COMP_PRINT_SPOT_WHITE_S1,I34,7926
match,별색,별색-클리어,국4절,양면,600,880,880,COMP_PRINT_SPOT_WHITE_S1,I35,7927
match,별색,별색-클리어,국4절,양면,700,840,840,COMP_PRINT_SPOT_WHITE_S1,I36,7928
match,별색,별색-클리어,국4절,양면,800,800,800,COMP_PRINT_SPOT_WHITE_S1,I37,7929
match,별색,별색-클리어,국4절,양면,900,760,760,COMP_PRINT_SPOT_WHITE_S1,I38,7930
match,별색,별색-클리어,국4절,양면,1000,720,720,COMP_PRINT_SPOT_WHITE_S1,I39,7931
match,별색,별색-클리어,국4절,양면,1200,700,700,COMP_PRINT_SPOT_WHITE_S1,I40,7932
match,별색,별색-클리어,국4절,양면,1400,700,700,COMP_PRINT_SPOT_WHITE_S1,I41,7933
match,별색,별색-클리어,국4절,양면,1600,680,680,COMP_PRINT_SPOT_WHITE_S1,I42,7934
match,별색,별색-클리어,국4절,양면,1800,680,680,COMP_PRINT_SPOT_WHITE_S1,I43,7935
match,별색,별색-클리어,국4절,양면,2000,660,660,COMP_PRINT_SPOT_WHITE_S1,I44,7936
match,별색,별색-클리어,국4절,양면,2500,660,660,COMP_PRINT_SPOT_WHITE_S1,I45,7937
match,별색,별색-클리어,국4절,양면,3000,640,640,COMP_PRINT_SPOT_WHITE_S1,I46,7938
match,별색,별색-클리어,국4절,양면,3500,640,640,COMP_PRINT_SPOT_WHITE_S1,I47,7939
match,별색,별색-클리어,국4절,양면,4000,620,620,COMP_PRINT_SPOT_WHITE_S1,I48,7940
match,별색,별색-클리어,국4절,양면,4500,620,620,COMP_PRINT_SPOT_WHITE_S1,I49,7941
match,별색,별색-클리어,국4절,양면,5000,600,600,COMP_PRINT_SPOT_WHITE_S1,I50,7942
match,별색,별색-클리어,국4절,양면,6000,600,600,COMP_PRINT_SPOT_WHITE_S1,I51,7943
match,별색,별색-클리어,국4절,양면,7000,600,600,COMP_PRINT_SPOT_WHITE_S1,I52,7944
match,별색,별색-클리어,국4절,양면,8000,600,600,COMP_PRINT_SPOT_WHITE_S1,I53,7945
match,별색,별색-클리어,국4절,양면,9000,600,600,COMP_PRINT_SPOT_WHITE_S1,I54,7946
match,별색,별색-클리어,국4절,양면,10000,600,600,COMP_PRINT_SPOT_WHITE_S1,I55,7947
match,별색,별색-클리어,국4절,양면,1000000,600,600,COMP_PRINT_SPOT_WHITE_S1,I56,7948
match,별색,별색-핑크,국4절,단면,1,3000,3000,COMP_PRINT_SPOT_WHITE_S1,J4,7631
match,별색,별색-핑크,국4절,단면,2,2500,2500,COMP_PRINT_SPOT_WHITE_S1,J5,7632
match,별색,별색-핑크,국4절,단면,3,2300,2300,COMP_PRINT_SPOT_WHITE_S1,J6,7633
match,별색,별색-핑크,국4절,단면,4,2300,2300,COMP_PRINT_SPOT_WHITE_S1,J7,7634
match,별색,별색-핑크,국4절,단면,5,2100,2100,COMP_PRINT_SPOT_WHITE_S1,J8,7635
match,별색,별색-핑크,국4절,단면,6,2000,2000,COMP_PRINT_SPOT_WHITE_S1,J9,7636
match,별색,별색-핑크,국4절,단면,7,1900,1900,COMP_PRINT_SPOT_WHITE_S1,J10,7637
match,별색,별색-핑크,국4절,단면,8,1800,1800,COMP_PRINT_SPOT_WHITE_S1,J11,7638
match,별색,별색-핑크,국4절,단면,9,1700,1700,COMP_PRINT_SPOT_WHITE_S1,J12,7639
match,별색,별색-핑크,국4절,단면,10,1600,1600,COMP_PRINT_SPOT_WHITE_S1,J13,7640
match,별색,별색-핑크,국4절,단면,15,1500,1500,COMP_PRINT_SPOT_WHITE_S1,J14,7641
match,별색,별색-핑크,국4절,단면,20,1450,1450,COMP_PRINT_SPOT_WHITE_S1,J15,7642
match,별색,별색-핑크,국4절,단면,25,1400,1400,COMP_PRINT_SPOT_WHITE_S1,J16,7643
match,별색,별색-핑크,국4절,단면,30,1350,1350,COMP_PRINT_SPOT_WHITE_S1,J17,7644
match,별색,별색-핑크,국4절,단면,35,1300,1300,COMP_PRINT_SPOT_WHITE_S1,J18,7645
match,별색,별색-핑크,국4절,단면,40,1250,1250,COMP_PRINT_SPOT_WHITE_S1,J19,7646
match,별색,별색-핑크,국4절,단면,45,1200,1200,COMP_PRINT_SPOT_WHITE_S1,J20,7647
match,별색,별색-핑크,국4절,단면,50,1150,1150,COMP_PRINT_SPOT_WHITE_S1,J21,7648
match,별색,별색-핑크,국4절,단면,60,1150,1150,COMP_PRINT_SPOT_WHITE_S1,J22,7649
match,별색,별색-핑크,국4절,단면,70,1100,1100,COMP_PRINT_SPOT_WHITE_S1,J23,7650
match,별색,별색-핑크,국4절,단면,80,1050,1050,COMP_PRINT_SPOT_WHITE_S1,J24,7651
match,별색,별색-핑크,국4절,단면,90,1000,1000,COMP_PRINT_SPOT_WHITE_S1,J25,7652
match,별색,별색-핑크,국4절,단면,100,950,950,COMP_PRINT_SPOT_WHITE_S1,J26,7653
match,별색,별색-핑크,국4절,단면,150,900,900,COMP_PRINT_SPOT_WHITE_S1,J27,7654
match,별색,별색-핑크,국4절,단면,200,850,850,COMP_PRINT_SPOT_WHITE_S1,J28,7655
match,별색,별색-핑크,국4절,단면,250,810,810,COMP_PRINT_SPOT_WHITE_S1,J29,7656
match,별색,별색-핑크,국4절,단면,300,770,770,COMP_PRINT_SPOT_WHITE_S1,J30,7657
match,별색,별색-핑크,국4절,단면,350,730,730,COMP_PRINT_SPOT_WHITE_S1,J31,7658
match,별색,별색-핑크,국4절,단면,400,690,690,COMP_PRINT_SPOT_WHITE_S1,J32,7659
match,별색,별색-핑크,국4절,단면,450,650,650,COMP_PRINT_SPOT_WHITE_S1,J33,7660
match,별색,별색-핑크,국4절,단면,500,610,610,COMP_PRINT_SPOT_WHITE_S1,J34,7661
match,별색,별색-핑크,국4절,단면,600,590,590,COMP_PRINT_SPOT_WHITE_S1,J35,7662
match,별색,별색-핑크,국4절,단면,700,570,570,COMP_PRINT_SPOT_WHITE_S1,J36,7663
match,별색,별색-핑크,국4절,단면,800,550,550,COMP_PRINT_SPOT_WHITE_S1,J37,7664
match,별색,별색-핑크,국4절,단면,900,530,530,COMP_PRINT_SPOT_WHITE_S1,J38,7665
match,별색,별색-핑크,국4절,단면,1000,510,510,COMP_PRINT_SPOT_WHITE_S1,J39,7666
match,별색,별색-핑크,국4절,단면,1200,500,500,COMP_PRINT_SPOT_WHITE_S1,J40,7667
match,별색,별색-핑크,국4절,단면,1400,500,500,COMP_PRINT_SPOT_WHITE_S1,J41,7668
match,별색,별색-핑크,국4절,단면,1600,490,490,COMP_PRINT_SPOT_WHITE_S1,J42,7669
match,별색,별색-핑크,국4절,단면,1800,490,490,COMP_PRINT_SPOT_WHITE_S1,J43,7670
match,별색,별색-핑크,국4절,단면,2000,480,480,COMP_PRINT_SPOT_WHITE_S1,J44,7671
match,별색,별색-핑크,국4절,단면,2500,480,480,COMP_PRINT_SPOT_WHITE_S1,J45,7672
match,별색,별색-핑크,국4절,단면,3000,470,470,COMP_PRINT_SPOT_WHITE_S1,J46,7673
match,별색,별색-핑크,국4절,단면,3500,470,470,COMP_PRINT_SPOT_WHITE_S1,J47,7674
match,별색,별색-핑크,국4절,단면,4000,460,460,COMP_PRINT_SPOT_WHITE_S1,J48,7675
match,별색,별색-핑크,국4절,단면,4500,460,460,COMP_PRINT_SPOT_WHITE_S1,J49,7676
match,별색,별색-핑크,국4절,단면,5000,450,450,COMP_PRINT_SPOT_WHITE_S1,J50,7677
match,별색,별색-핑크,국4절,단면,6000,450,450,COMP_PRINT_SPOT_WHITE_S1,J51,7678
match,별색,별색-핑크,국4절,단면,7000,450,450,COMP_PRINT_SPOT_WHITE_S1,J52,7679
match,별색,별색-핑크,국4절,단면,8000,450,450,COMP_PRINT_SPOT_WHITE_S1,J53,7680
match,별색,별색-핑크,국4절,단면,9000,450,450,COMP_PRINT_SPOT_WHITE_S1,J54,7681
match,별색,별색-핑크,국4절,단면,10000,450,450,COMP_PRINT_SPOT_WHITE_S1,J55,7682
match,별색,별색-핑크,국4절,단면,1000000,450,450,COMP_PRINT_SPOT_WHITE_S1,J56,7683
match,별색,별색-핑크,국4절,양면,1,6000,6000,COMP_PRINT_SPOT_WHITE_S1,K4,7684
match,별색,별색-핑크,국4절,양면,2,5000,5000,COMP_PRINT_SPOT_WHITE_S1,K5,7685
match,별색,별색-핑크,국4절,양면,3,4600,4600,COMP_PRINT_SPOT_WHITE_S1,K6,7686
match,별색,별색-핑크,국4절,양면,4,4600,4600,COMP_PRINT_SPOT_WHITE_S1,K7,7687
match,별색,별색-핑크,국4절,양면,5,4200,4200,COMP_PRINT_SPOT_WHITE_S1,K8,7688
match,별색,별색-핑크,국4절,양면,6,4000,4000,COMP_PRINT_SPOT_WHITE_S1,K9,7689
match,별색,별색-핑크,국4절,양면,7,3800,3800,COMP_PRINT_SPOT_WHITE_S1,K10,7690
match,별색,별색-핑크,국4절,양면,8,3600,3600,COMP_PRINT_SPOT_WHITE_S1,K11,7691
match,별색,별색-핑크,국4절,양면,9,3400,3400,COMP_PRINT_SPOT_WHITE_S1,K12,7692
match,별색,별색-핑크,국4절,양면,10,3200,3200,COMP_PRINT_SPOT_WHITE_S1,K13,7693
match,별색,별색-핑크,국4절,양면,15,3000,3000,COMP_PRINT_SPOT_WHITE_S1,K14,7694
match,별색,별색-핑크,국4절,양면,20,2900,2900,COMP_PRINT_SPOT_WHITE_S1,K15,7695
match,별색,별색-핑크,국4절,양면,25,2800,2800,COMP_PRINT_SPOT_WHITE_S1,K16,7696
match,별색,별색-핑크,국4절,양면,30,2700,2700,COMP_PRINT_SPOT_WHITE_S1,K17,7697
match,별색,별색-핑크,국4절,양면,35,2600,2600,COMP_PRINT_SPOT_WHITE_S1,K18,7698
match,별색,별색-핑크,국4절,양면,40,2500,2500,COMP_PRINT_SPOT_WHITE_S1,K19,7699
match,별색,별색-핑크,국4절,양면,45,2400,2400,COMP_PRINT_SPOT_WHITE_S1,K20,7700
match,별색,별색-핑크,국4절,양면,50,2300,2300,COMP_PRINT_SPOT_WHITE_S1,K21,7701
match,별색,별색-핑크,국4절,양면,60,2300,2300,COMP_PRINT_SPOT_WHITE_S1,K22,7702
match,별색,별색-핑크,국4절,양면,70,2200,2200,COMP_PRINT_SPOT_WHITE_S1,K23,7703
match,별색,별색-핑크,국4절,양면,80,2100,2100,COMP_PRINT_SPOT_WHITE_S1,K24,7704
match,별색,별색-핑크,국4절,양면,90,2000,2000,COMP_PRINT_SPOT_WHITE_S1,K25,7705
match,별색,별색-핑크,국4절,양면,100,1900,1900,COMP_PRINT_SPOT_WHITE_S1,K26,7706
match,별색,별색-핑크,국4절,양면,150,1800,1800,COMP_PRINT_SPOT_WHITE_S1,K27,7707
match,별색,별색-핑크,국4절,양면,200,1700,1700,COMP_PRINT_SPOT_WHITE_S1,K28,7708
match,별색,별색-핑크,국4절,양면,250,1620,1620,COMP_PRINT_SPOT_WHITE_S1,K29,7709
match,별색,별색-핑크,국4절,양면,300,1540,1540,COMP_PRINT_SPOT_WHITE_S1,K30,7710
match,별색,별색-핑크,국4절,양면,350,1460,1460,COMP_PRINT_SPOT_WHITE_S1,K31,7711
match,별색,별색-핑크,국4절,양면,400,1380,1380,COMP_PRINT_SPOT_WHITE_S1,K32,7712
match,별색,별색-핑크,국4절,양면,450,1300,1300,COMP_PRINT_SPOT_WHITE_S1,K33,7713
match,별색,별색-핑크,국4절,양면,500,1220,1220,COMP_PRINT_SPOT_WHITE_S1,K34,7714
match,별색,별색-핑크,국4절,양면,600,1180,1180,COMP_PRINT_SPOT_WHITE_S1,K35,7715
match,별색,별색-핑크,국4절,양면,700,1140,1140,COMP_PRINT_SPOT_WHITE_S1,K36,7716
match,별색,별색-핑크,국4절,양면,800,1100,1100,COMP_PRINT_SPOT_WHITE_S1,K37,7717
match,별색,별색-핑크,국4절,양면,900,1060,1060,COMP_PRINT_SPOT_WHITE_S1,K38,7718
match,별색,별색-핑크,국4절,양면,1000,1020,1020,COMP_PRINT_SPOT_WHITE_S1,K39,7719
match,별색,별색-핑크,국4절,양면,1200,1000,1000,COMP_PRINT_SPOT_WHITE_S1,K40,7720
match,별색,별색-핑크,국4절,양면,1400,1000,1000,COMP_PRINT_SPOT_WHITE_S1,K41,7721
match,별색,별색-핑크,국4절,양면,1600,980,980,COMP_PRINT_SPOT_WHITE_S1,K42,7722
match,별색,별색-핑크,국4절,양면,1800,980,980,COMP_PRINT_SPOT_WHITE_S1,K43,7723
match,별색,별색-핑크,국4절,양면,2000,960,960,COMP_PRINT_SPOT_WHITE_S1,K44,7724
match,별색,별색-핑크,국4절,양면,2500,960,960,COMP_PRINT_SPOT_WHITE_S1,K45,7725
match,별색,별색-핑크,국4절,양면,3000,940,940,COMP_PRINT_SPOT_WHITE_S1,K46,7726
match,별색,별색-핑크,국4절,양면,3500,940,940,COMP_PRINT_SPOT_WHITE_S1,K47,7727
match,별색,별색-핑크,국4절,양면,4000,920,920,COMP_PRINT_SPOT_WHITE_S1,K48,7728
match,별색,별색-핑크,국4절,양면,4500,920,920,COMP_PRINT_SPOT_WHITE_S1,K49,7729
match,별색,별색-핑크,국4절,양면,5000,900,900,COMP_PRINT_SPOT_WHITE_S1,K50,7730
match,별색,별색-핑크,국4절,양면,6000,900,900,COMP_PRINT_SPOT_WHITE_S1,K51,7731
match,별색,별색-핑크,국4절,양면,7000,900,900,COMP_PRINT_SPOT_WHITE_S1,K52,7732
match,별색,별색-핑크,국4절,양면,8000,900,900,COMP_PRINT_SPOT_WHITE_S1,K53,7733
match,별색,별색-핑크,국4절,양면,9000,900,900,COMP_PRINT_SPOT_WHITE_S1,K54,7734
match,별색,별색-핑크,국4절,양면,10000,900,900,COMP_PRINT_SPOT_WHITE_S1,K55,7735
match,별색,별색-핑크,국4절,양면,1000000,900,900,COMP_PRINT_SPOT_WHITE_S1,K56,7736
match,별색,별색-화이트,국4절,단면,1,3000,3000,COMP_PRINT_SPOT_WHITE_S1,F4,6942
match,별색,별색-화이트,국4절,단면,2,2500,2500,COMP_PRINT_SPOT_WHITE_S1,F5,6943
match,별색,별색-화이트,국4절,단면,3,2300,2300,COMP_PRINT_SPOT_WHITE_S1,F6,6944
match,별색,별색-화이트,국4절,단면,4,2100,2100,COMP_PRINT_SPOT_WHITE_S1,F7,6945
match,별색,별색-화이트,국4절,단면,5,1900,1900,COMP_PRINT_SPOT_WHITE_S1,F8,6946
match,별색,별색-화이트,국4절,단면,6,1800,1800,COMP_PRINT_SPOT_WHITE_S1,F9,6947
match,별색,별색-화이트,국4절,단면,7,1700,1700,COMP_PRINT_SPOT_WHITE_S1,F10,6948
match,별색,별색-화이트,국4절,단면,8,1600,1600,COMP_PRINT_SPOT_WHITE_S1,F11,6949
match,별색,별색-화이트,국4절,단면,9,1500,1500,COMP_PRINT_SPOT_WHITE_S1,F12,6950
match,별색,별색-화이트,국4절,단면,10,1400,1400,COMP_PRINT_SPOT_WHITE_S1,F13,6951
match,별색,별색-화이트,국4절,단면,15,1350,1350,COMP_PRINT_SPOT_WHITE_S1,F14,6952
match,별색,별색-화이트,국4절,단면,20,1300,1300,COMP_PRINT_SPOT_WHITE_S1,F15,6953
match,별색,별색-화이트,국4절,단면,25,1250,1250,COMP_PRINT_SPOT_WHITE_S1,F16,6954
match,별색,별색-화이트,국4절,단면,30,1200,1200,COMP_PRINT_SPOT_WHITE_S1,F17,6955
match,별색,별색-화이트,국4절,단면,35,1150,1150,COMP_PRINT_SPOT_WHITE_S1,F18,6956
match,별색,별색-화이트,국4절,단면,40,1100,1100,COMP_PRINT_SPOT_WHITE_S1,F19,6957
match,별색,별색-화이트,국4절,단면,45,1050,1050,COMP_PRINT_SPOT_WHITE_S1,F20,6958
match,별색,별색-화이트,국4절,단면,50,1000,1000,COMP_PRINT_SPOT_WHITE_S1,F21,6959
match,별색,별색-화이트,국4절,단면,60,1000,1000,COMP_PRINT_SPOT_WHITE_S1,F22,6960
match,별색,별색-화이트,국4절,단면,70,950,950,COMP_PRINT_SPOT_WHITE_S1,F23,6961
match,별색,별색-화이트,국4절,단면,80,900,900,COMP_PRINT_SPOT_WHITE_S1,F24,6962
match,별색,별색-화이트,국4절,단면,90,850,850,COMP_PRINT_SPOT_WHITE_S1,F25,6963
match,별색,별색-화이트,국4절,단면,100,800,800,COMP_PRINT_SPOT_WHITE_S1,F26,6964
match,별색,별색-화이트,국4절,단면,150,750,750,COMP_PRINT_SPOT_WHITE_S1,F27,6965
match,별색,별색-화이트,국4절,단면,200,700,700,COMP_PRINT_SPOT_WHITE_S1,F28,6966
match,별색,별색-화이트,국4절,단면,250,660,660,COMP_PRINT_SPOT_WHITE_S1,F29,6967
match,별색,별색-화이트,국4절,단면,300,620,620,COMP_PRINT_SPOT_WHITE_S1,F30,6968
match,별색,별색-화이트,국4절,단면,350,580,580,COMP_PRINT_SPOT_WHITE_S1,F31,6969
match,별색,별색-화이트,국4절,단면,400,540,540,COMP_PRINT_SPOT_WHITE_S1,F32,6970
match,별색,별색-화이트,국4절,단면,450,500,500,COMP_PRINT_SPOT_WHITE_S1,F33,6971
match,별색,별색-화이트,국4절,단면,500,460,460,COMP_PRINT_SPOT_WHITE_S1,F34,6972
match,별색,별색-화이트,국4절,단면,600,440,440,COMP_PRINT_SPOT_WHITE_S1,F35,6973
match,별색,별색-화이트,국4절,단면,700,420,420,COMP_PRINT_SPOT_WHITE_S1,F36,6974
match,별색,별색-화이트,국4절,단면,800,400,400,COMP_PRINT_SPOT_WHITE_S1,F37,6975
match,별색,별색-화이트,국4절,단면,900,380,380,COMP_PRINT_SPOT_WHITE_S1,F38,6976
match,별색,별색-화이트,국4절,단면,1000,360,360,COMP_PRINT_SPOT_WHITE_S1,F39,6977
match,별색,별색-화이트,국4절,단면,1200,350,350,COMP_PRINT_SPOT_WHITE_S1,F40,6978
match,별색,별색-화이트,국4절,단면,1400,350,350,COMP_PRINT_SPOT_WHITE_S1,F41,6979
match,별색,별색-화이트,국4절,단면,1600,340,340,COMP_PRINT_SPOT_WHITE_S1,F42,6980
match,별색,별색-화이트,국4절,단면,1800,340,340,COMP_PRINT_SPOT_WHITE_S1,F43,6981
match,별색,별색-화이트,국4절,단면,2000,330,330,COMP_PRINT_SPOT_WHITE_S1,F44,6982
match,별색,별색-화이트,국4절,단면,2500,330,330,COMP_PRINT_SPOT_WHITE_S1,F45,6983
match,별색,별색-화이트,국4절,단면,3000,320,320,COMP_PRINT_SPOT_WHITE_S1,F46,6984
match,별색,별색-화이트,국4절,단면,3500,320,320,COMP_PRINT_SPOT_WHITE_S1,F47,6985
match,별색,별색-화이트,국4절,단면,4000,310,310,COMP_PRINT_SPOT_WHITE_S1,F48,6986
match,별색,별색-화이트,국4절,단면,4500,310,310,COMP_PRINT_SPOT_WHITE_S1,F49,6987
match,별색,별색-화이트,국4절,단면,5000,300,300,COMP_PRINT_SPOT_WHITE_S1,F50,6988
match,별색,별색-화이트,국4절,단면,6000,300,300,COMP_PRINT_SPOT_WHITE_S1,F51,6989
match,별색,별색-화이트,국4절,단면,7000,300,300,COMP_PRINT_SPOT_WHITE_S1,F52,6990
match,별색,별색-화이트,국4절,단면,8000,300,300,COMP_PRINT_SPOT_WHITE_S1,F53,6991
match,별색,별색-화이트,국4절,단면,9000,300,300,COMP_PRINT_SPOT_WHITE_S1,F54,6992
match,별색,별색-화이트,국4절,단면,10000,300,300,COMP_PRINT_SPOT_WHITE_S1,F55,6993
match,별색,별색-화이트,국4절,단면,1000000,300,300,COMP_PRINT_SPOT_WHITE_S1,F56,6994
match,별색,별색-화이트,국4절,양면,1,6000,6000,COMP_PRINT_SPOT_WHITE_S1,G4,7048
match,별색,별색-화이트,국4절,양면,2,5000,5000,COMP_PRINT_SPOT_WHITE_S1,G5,7049
match,별색,별색-화이트,국4절,양면,3,4600,4600,COMP_PRINT_SPOT_WHITE_S1,G6,7050
match,별색,별색-화이트,국4절,양면,4,4200,4200,COMP_PRINT_SPOT_WHITE_S1,G7,7051
match,별색,별색-화이트,국4절,양면,5,3800,3800,COMP_PRINT_SPOT_WHITE_S1,G8,7052
match,별색,별색-화이트,국4절,양면,6,3600,3600,COMP_PRINT_SPOT_WHITE_S1,G9,7053
match,별색,별색-화이트,국4절,양면,7,3400,3400,COMP_PRINT_SPOT_WHITE_S1,G10,7054
match,별색,별색-화이트,국4절,양면,8,3200,3200,COMP_PRINT_SPOT_WHITE_S1,G11,7055
match,별색,별색-화이트,국4절,양면,9,3000,3000,COMP_PRINT_SPOT_WHITE_S1,G12,7056
match,별색,별색-화이트,국4절,양면,10,2800,2800,COMP_PRINT_SPOT_WHITE_S1,G13,7057
match,별색,별색-화이트,국4절,양면,15,2700,2700,COMP_PRINT_SPOT_WHITE_S1,G14,7058
match,별색,별색-화이트,국4절,양면,20,2600,2600,COMP_PRINT_SPOT_WHITE_S1,G15,7059
match,별색,별색-화이트,국4절,양면,25,2500,2500,COMP_PRINT_SPOT_WHITE_S1,G16,7060
match,별색,별색-화이트,국4절,양면,30,2400,2400,COMP_PRINT_SPOT_WHITE_S1,G17,7061
match,별색,별색-화이트,국4절,양면,35,2300,2300,COMP_PRINT_SPOT_WHITE_S1,G18,7062
match,별색,별색-화이트,국4절,양면,40,2200,2200,COMP_PRINT_SPOT_WHITE_S1,G19,7063
match,별색,별색-화이트,국4절,양면,45,2100,2100,COMP_PRINT_SPOT_WHITE_S1,G20,7064
match,별색,별색-화이트,국4절,양면,50,2000,2000,COMP_PRINT_SPOT_WHITE_S1,G21,7065
match,별색,별색-화이트,국4절,양면,60,2000,2000,COMP_PRINT_SPOT_WHITE_S1,G22,7066
match,별색,별색-화이트,국4절,양면,70,1900,1900,COMP_PRINT_SPOT_WHITE_S1,G23,7067
match,별색,별색-화이트,국4절,양면,80,1800,1800,COMP_PRINT_SPOT_WHITE_S1,G24,7068
match,별색,별색-화이트,국4절,양면,90,1700,1700,COMP_PRINT_SPOT_WHITE_S1,G25,7069
match,별색,별색-화이트,국4절,양면,100,1600,1600,COMP_PRINT_SPOT_WHITE_S1,G26,7070
match,별색,별색-화이트,국4절,양면,150,1500,1500,COMP_PRINT_SPOT_WHITE_S1,G27,7071
match,별색,별색-화이트,국4절,양면,200,1400,1400,COMP_PRINT_SPOT_WHITE_S1,G28,7072
match,별색,별색-화이트,국4절,양면,250,1320,1320,COMP_PRINT_SPOT_WHITE_S1,G29,7073
match,별색,별색-화이트,국4절,양면,300,1240,1240,COMP_PRINT_SPOT_WHITE_S1,G30,7074
match,별색,별색-화이트,국4절,양면,350,1160,1160,COMP_PRINT_SPOT_WHITE_S1,G31,7075
match,별색,별색-화이트,국4절,양면,400,1080,1080,COMP_PRINT_SPOT_WHITE_S1,G32,7076
match,별색,별색-화이트,국4절,양면,450,1000,1000,COMP_PRINT_SPOT_WHITE_S1,G33,7077
match,별색,별색-화이트,국4절,양면,500,920,920,COMP_PRINT_SPOT_WHITE_S1,G34,7078
match,별색,별색-화이트,국4절,양면,600,880,880,COMP_PRINT_SPOT_WHITE_S1,G35,7079
match,별색,별색-화이트,국4절,양면,700,840,840,COMP_PRINT_SPOT_WHITE_S1,G36,7080
match,별색,별색-화이트,국4절,양면,800,800,800,COMP_PRINT_SPOT_WHITE_S1,G37,7081
match,별색,별색-화이트,국4절,양면,900,760,760,COMP_PRINT_SPOT_WHITE_S1,G38,7082
match,별색,별색-화이트,국4절,양면,1000,720,720,COMP_PRINT_SPOT_WHITE_S1,G39,7083
match,별색,별색-화이트,국4절,양면,1200,700,700,COMP_PRINT_SPOT_WHITE_S1,G40,7084
match,별색,별색-화이트,국4절,양면,1400,700,700,COMP_PRINT_SPOT_WHITE_S1,G41,7085
match,별색,별색-화이트,국4절,양면,1600,680,680,COMP_PRINT_SPOT_WHITE_S1,G42,7086
match,별색,별색-화이트,국4절,양면,1800,680,680,COMP_PRINT_SPOT_WHITE_S1,G43,7087
match,별색,별색-화이트,국4절,양면,2000,660,660,COMP_PRINT_SPOT_WHITE_S1,G44,7088
match,별색,별색-화이트,국4절,양면,2500,660,660,COMP_PRINT_SPOT_WHITE_S1,G45,7089
match,별색,별색-화이트,국4절,양면,3000,640,640,COMP_PRINT_SPOT_WHITE_S1,G46,7090
match,별색,별색-화이트,국4절,양면,3500,640,640,COMP_PRINT_SPOT_WHITE_S1,G47,7091
match,별색,별색-화이트,국4절,양면,4000,620,620,COMP_PRINT_SPOT_WHITE_S1,G48,7092
match,별색,별색-화이트,국4절,양면,4500,620,620,COMP_PRINT_SPOT_WHITE_S1,G49,7093
match,별색,별색-화이트,국4절,양면,5000,600,600,COMP_PRINT_SPOT_WHITE_S1,G50,7094
match,별색,별색-화이트,국4절,양면,6000,600,600,COMP_PRINT_SPOT_WHITE_S1,G51,7095
match,별색,별색-화이트,국4절,양면,7000,600,600,COMP_PRINT_SPOT_WHITE_S1,G52,7096
match,별색,별색-화이트,국4절,양면,8000,600,600,COMP_PRINT_SPOT_WHITE_S1,G53,7097
match,별색,별색-화이트,국4절,양면,9000,600,600,COMP_PRINT_SPOT_WHITE_S1,G54,7098
match,별색,별색-화이트,국4절,양면,10000,600,600,COMP_PRINT_SPOT_WHITE_S1,G55,7099
match,별색,별색-화이트,국4절,양면,1000000,600,600,COMP_PRINT_SPOT_WHITE_S1,G56,7100
match,칼라(4도),칼라,국4절,단면,1,4000,4000,COMP_PRINT_DIGITAL_S1,D4,38665
match,칼라(4도),칼라,국4절,단면,2,2800,2800,COMP_PRINT_DIGITAL_S1,D5,38666
match,칼라(4도),칼라,국4절,단면,3,2500,2500,COMP_PRINT_DIGITAL_S1,D6,38668
match,칼라(4도),칼라,국4절,단면,4,2000,2000,COMP_PRINT_DIGITAL_S1,D7,38671
match,칼라(4도),칼라,국4절,단면,5,1700,1700,COMP_PRINT_DIGITAL_S1,D8,38672
match,칼라(4도),칼라,국4절,단면,6,1500,1500,COMP_PRINT_DIGITAL_S1,D9,38674
match,칼라(4도),칼라,국4절,단면,7,1300,1300,COMP_PRINT_DIGITAL_S1,D10,38677
match,칼라(4도),칼라,국4절,단면,8,1200,1200,COMP_PRINT_DIGITAL_S1,D11,38679
match,칼라(4도),칼라,국4절,단면,9,1100,1100,COMP_PRINT_DIGITAL_S1,D12,38680
match,칼라(4도),칼라,국4절,단면,10,1000,1000,COMP_PRINT_DIGITAL_S1,D13,38683
match,칼라(4도),칼라,국4절,단면,15,900,900,COMP_PRINT_DIGITAL_S1,D14,38685
match,칼라(4도),칼라,국4절,단면,20,850,850,COMP_PRINT_DIGITAL_S1,D15,38687
match,칼라(4도),칼라,국4절,단면,25,800,800,COMP_PRINT_DIGITAL_S1,D16,38689
match,칼라(4도),칼라,국4절,단면,30,750,750,COMP_PRINT_DIGITAL_S1,D17,38690
match,칼라(4도),칼라,국4절,단면,35,700,700,COMP_PRINT_DIGITAL_S1,D18,38692
match,칼라(4도),칼라,국4절,단면,40,650,650,COMP_PRINT_DIGITAL_S1,D19,38694
match,칼라(4도),칼라,국4절,단면,45,600,600,COMP_PRINT_DIGITAL_S1,D20,38697
match,칼라(4도),칼라,국4절,단면,50,550,550,COMP_PRINT_DIGITAL_S1,D21,38698
match,칼라(4도),칼라,국4절,단면,60,500,500,COMP_PRINT_DIGITAL_S1,D22,38701
match,칼라(4도),칼라,국4절,단면,70,450,450,COMP_PRINT_DIGITAL_S1,D23,38702
match,칼라(4도),칼라,국4절,단면,80,400,400,COMP_PRINT_DIGITAL_S1,D24,38704
match,칼라(4도),칼라,국4절,단면,90,350,350,COMP_PRINT_DIGITAL_S1,D25,38707
match,칼라(4도),칼라,국4절,단면,100,350,350,COMP_PRINT_DIGITAL_S1,D26,38708
match,칼라(4도),칼라,국4절,단면,150,330,330,COMP_PRINT_DIGITAL_S1,D27,38710
match,칼라(4도),칼라,국4절,단면,200,310,310,COMP_PRINT_DIGITAL_S1,D28,38712
match,칼라(4도),칼라,국4절,단면,250,290,290,COMP_PRINT_DIGITAL_S1,D29,38714
match,칼라(4도),칼라,국4절,단면,300,270,270,COMP_PRINT_DIGITAL_S1,D30,38717
match,칼라(4도),칼라,국4절,단면,350,250,250,COMP_PRINT_DIGITAL_S1,D31,38719
match,칼라(4도),칼라,국4절,단면,400,230,230,COMP_PRINT_DIGITAL_S1,D32,38721
match,칼라(4도),칼라,국4절,단면,450,210,210,COMP_PRINT_DIGITAL_S1,D33,38723
match,칼라(4도),칼라,국4절,단면,500,190,190,COMP_PRINT_DIGITAL_S1,D34,38725
match,칼라(4도),칼라,국4절,단면,600,185,185,COMP_PRINT_DIGITAL_S1,D35,38727
match,칼라(4도),칼라,국4절,단면,700,180,180,COMP_PRINT_DIGITAL_S1,D36,38729
match,칼라(4도),칼라,국4절,단면,800,175,175,COMP_PRINT_DIGITAL_S1,D37,38731
match,칼라(4도),칼라,국4절,단면,900,170,170,COMP_PRINT_DIGITAL_S1,D38,38733
match,칼라(4도),칼라,국4절,단면,1000,165,165,COMP_PRINT_DIGITAL_S1,D39,38735
match,칼라(4도),칼라,국4절,단면,1200,163,163,COMP_PRINT_DIGITAL_S1,D40,38737
match,칼라(4도),칼라,국4절,단면,1400,161,161,COMP_PRINT_DIGITAL_S1,D41,38739
match,칼라(4도),칼라,국4절,단면,1600,159,159,COMP_PRINT_DIGITAL_S1,D42,38740
match,칼라(4도),칼라,국4절,단면,1800,157,157,COMP_PRINT_DIGITAL_S1,D43,38743
match,칼라(4도),칼라,국4절,단면,2000,155,155,COMP_PRINT_DIGITAL_S1,D44,38745
match,칼라(4도),칼라,국4절,단면,2500,154,154,COMP_PRINT_DIGITAL_S1,D45,38746
match,칼라(4도),칼라,국4절,단면,3000,153,153,COMP_PRINT_DIGITAL_S1,D46,38748
match,칼라(4도),칼라,국4절,단면,3500,152,152,COMP_PRINT_DIGITAL_S1,D47,38751
match,칼라(4도),칼라,국4절,단면,4000,151,151,COMP_PRINT_DIGITAL_S1,D48,38753
match,칼라(4도),칼라,국4절,단면,4500,150,150,COMP_PRINT_DIGITAL_S1,D49,38754
match,칼라(4도),칼라,국4절,단면,5000,149,149,COMP_PRINT_DIGITAL_S1,D50,38756
match,칼라(4도),칼라,국4절,단면,6000,148,148,COMP_PRINT_DIGITAL_S1,D51,38759
match,칼라(4도),칼라,국4절,단면,7000,147,147,COMP_PRINT_DIGITAL_S1,D52,38760
match,칼라(4도),칼라,국4절,단면,8000,146,146,COMP_PRINT_DIGITAL_S1,D53,38763
match,칼라(4도),칼라,국4절,단면,9000,145,145,COMP_PRINT_DIGITAL_S1,D54,38764
match,칼라(4도),칼라,국4절,단면,10000,145,145,COMP_PRINT_DIGITAL_S1,D55,38766
match,칼라(4도),칼라,국4절,단면,1000000,145,145,COMP_PRINT_DIGITAL_S1,D56,38769
match,칼라(4도),칼라,국4절,양면,1,6000,6000,COMP_PRINT_DIGITAL_S1,E4,38771
match,칼라(4도),칼라,국4절,양면,2,4600,4600,COMP_PRINT_DIGITAL_S1,E5,38773
match,칼라(4도),칼라,국4절,양면,3,4300,4300,COMP_PRINT_DIGITAL_S1,E6,38775
match,칼라(4도),칼라,국4절,양면,4,3500,3500,COMP_PRINT_DIGITAL_S1,E7,38777
match,칼라(4도),칼라,국4절,양면,5,3000,3000,COMP_PRINT_DIGITAL_S1,E8,38779
match,칼라(4도),칼라,국4절,양면,6,2600,2600,COMP_PRINT_DIGITAL_S1,E9,38780
match,칼라(4도),칼라,국4절,양면,7,2300,2300,COMP_PRINT_DIGITAL_S1,E10,38783
match,칼라(4도),칼라,국4절,양면,8,2100,2100,COMP_PRINT_DIGITAL_S1,E11,38784
match,칼라(4도),칼라,국4절,양면,9,1900,1900,COMP_PRINT_DIGITAL_S1,E12,38786
match,칼라(4도),칼라,국4절,양면,10,1600,1600,COMP_PRINT_DIGITAL_S1,E13,38789
match,칼라(4도),칼라,국4절,양면,15,1800,1800,COMP_PRINT_DIGITAL_S1,E14,38791
match,칼라(4도),칼라,국4절,양면,20,1700,1700,COMP_PRINT_DIGITAL_S1,E15,38792
match,칼라(4도),칼라,국4절,양면,25,1600,1600,COMP_PRINT_DIGITAL_S1,E16,38794
match,칼라(4도),칼라,국4절,양면,30,1500,1500,COMP_PRINT_DIGITAL_S1,E17,38797
match,칼라(4도),칼라,국4절,양면,35,1400,1400,COMP_PRINT_DIGITAL_S1,E18,38798
match,칼라(4도),칼라,국4절,양면,40,1300,1300,COMP_PRINT_DIGITAL_S1,E19,38800
match,칼라(4도),칼라,국4절,양면,45,1200,1200,COMP_PRINT_DIGITAL_S1,E20,38803
match,칼라(4도),칼라,국4절,양면,50,1100,1100,COMP_PRINT_DIGITAL_S1,E21,38804
match,칼라(4도),칼라,국4절,양면,60,1000,1000,COMP_PRINT_DIGITAL_S1,E22,38806
match,칼라(4도),칼라,국4절,양면,70,900,900,COMP_PRINT_DIGITAL_S1,E23,38808
match,칼라(4도),칼라,국4절,양면,80,800,800,COMP_PRINT_DIGITAL_S1,E24,38811
match,칼라(4도),칼라,국4절,양면,90,700,700,COMP_PRINT_DIGITAL_S1,E25,38813
match,칼라(4도),칼라,국4절,양면,100,700,700,COMP_PRINT_DIGITAL_S1,E26,38815
match,칼라(4도),칼라,국4절,양면,150,660,660,COMP_PRINT_DIGITAL_S1,E27,38816
match,칼라(4도),칼라,국4절,양면,200,620,620,COMP_PRINT_DIGITAL_S1,E28,38818
match,칼라(4도),칼라,국4절,양면,250,580,580,COMP_PRINT_DIGITAL_S1,E29,38820
match,칼라(4도),칼라,국4절,양면,300,540,540,COMP_PRINT_DIGITAL_S1,E30,38823
match,칼라(4도),칼라,국4절,양면,350,500,500,COMP_PRINT_DIGITAL_S1,E31,38824
match,칼라(4도),칼라,국4절,양면,400,460,460,COMP_PRINT_DIGITAL_S1,E32,38827
match,칼라(4도),칼라,국4절,양면,450,420,420,COMP_PRINT_DIGITAL_S1,E33,38829
match,칼라(4도),칼라,국4절,양면,500,380,380,COMP_PRINT_DIGITAL_S1,E34,38830
match,칼라(4도),칼라,국4절,양면,600,370,370,COMP_PRINT_DIGITAL_S1,E35,38833
match,칼라(4도),칼라,국4절,양면,700,360,360,COMP_PRINT_DIGITAL_S1,E36,38835
match,칼라(4도),칼라,국4절,양면,800,350,350,COMP_PRINT_DIGITAL_S1,E37,38836
match,칼라(4도),칼라,국4절,양면,900,340,340,COMP_PRINT_DIGITAL_S1,E38,38838
match,칼라(4도),칼라,국4절,양면,1000,330,330,COMP_PRINT_DIGITAL_S1,E39,38840
match,칼라(4도),칼라,국4절,양면,1200,326,326,COMP_PRINT_DIGITAL_S1,E40,38842
match,칼라(4도),칼라,국4절,양면,1400,322,322,COMP_PRINT_DIGITAL_S1,E41,38844
match,칼라(4도),칼라,국4절,양면,1600,318,318,COMP_PRINT_DIGITAL_S1,E42,38847
match,칼라(4도),칼라,국4절,양면,1800,314,314,COMP_PRINT_DIGITAL_S1,E43,38849
match,칼라(4도),칼라,국4절,양면,2000,310,310,COMP_PRINT_DIGITAL_S1,E44,38850
match,칼라(4도),칼라,국4절,양면,2500,308,308,COMP_PRINT_DIGITAL_S1,E45,38852
match,칼라(4도),칼라,국4절,양면,3000,306,306,COMP_PRINT_DIGITAL_S1,E46,38855
match,칼라(4도),칼라,국4절,양면,3500,304,304,COMP_PRINT_DIGITAL_S1,E47,38857
match,칼라(4도),칼라,국4절,양면,4000,302,302,COMP_PRINT_DIGITAL_S1,E48,38859
match,칼라(4도),칼라,국4절,양면,4500,300,300,COMP_PRINT_DIGITAL_S1,E49,38860
match,칼라(4도),칼라,국4절,양면,5000,298,298,COMP_PRINT_DIGITAL_S1,E50,38862
match,칼라(4도),칼라,국4절,양면,6000,296,296,COMP_PRINT_DIGITAL_S1,E51,38865
match,칼라(4도),칼라,국4절,양면,7000,294,294,COMP_PRINT_DIGITAL_S1,E52,38867
match,칼라(4도),칼라,국4절,양면,8000,292,292,COMP_PRINT_DIGITAL_S1,E53,38869
match,칼라(4도),칼라,국4절,양면,9000,290,290,COMP_PRINT_DIGITAL_S1,E54,38871
match,칼라(4도),칼라,국4절,양면,10000,290,290,COMP_PRINT_DIGITAL_S1,E55,38872
match,칼라(4도),칼라,국4절,양면,1000000,290,290,COMP_PRINT_DIGITAL_S1,E56,38875
match,흑백(1도),흑백,국4절,단면,1,3000,3000,COMP_PRINT_DIGITAL_S1,B4,41003
match,흑백(1도),흑백,국4절,단면,2,2000,2000,COMP_PRINT_DIGITAL_S1,B5,41004
match,흑백(1도),흑백,국4절,단면,3,1600,1600,COMP_PRINT_DIGITAL_S1,B6,41005
match,흑백(1도),흑백,국4절,단면,4,1400,1400,COMP_PRINT_DIGITAL_S1,B7,41006
match,흑백(1도),흑백,국4절,단면,5,1200,1200,COMP_PRINT_DIGITAL_S1,B8,41007
match,흑백(1도),흑백,국4절,단면,6,900,900,COMP_PRINT_DIGITAL_S1,B9,41008
match,흑백(1도),흑백,국4절,단면,7,800,800,COMP_PRINT_DIGITAL_S1,B10,41009
match,흑백(1도),흑백,국4절,단면,8,700,700,COMP_PRINT_DIGITAL_S1,B11,41010
match,흑백(1도),흑백,국4절,단면,9,600,600,COMP_PRINT_DIGITAL_S1,B12,41011
match,흑백(1도),흑백,국4절,단면,10,500,500,COMP_PRINT_DIGITAL_S1,B13,41012
match,흑백(1도),흑백,국4절,단면,15,450,450,COMP_PRINT_DIGITAL_S1,B14,41013
match,흑백(1도),흑백,국4절,단면,20,400,400,COMP_PRINT_DIGITAL_S1,B15,41014
match,흑백(1도),흑백,국4절,단면,25,350,350,COMP_PRINT_DIGITAL_S1,B16,41015
match,흑백(1도),흑백,국4절,단면,30,300,300,COMP_PRINT_DIGITAL_S1,B17,41016
match,흑백(1도),흑백,국4절,단면,35,280,280,COMP_PRINT_DIGITAL_S1,B18,41017
match,흑백(1도),흑백,국4절,단면,40,250,250,COMP_PRINT_DIGITAL_S1,B19,41018
match,흑백(1도),흑백,국4절,단면,45,250,250,COMP_PRINT_DIGITAL_S1,B20,41019
match,흑백(1도),흑백,국4절,단면,50,250,250,COMP_PRINT_DIGITAL_S1,B21,41020
match,흑백(1도),흑백,국4절,단면,60,200,200,COMP_PRINT_DIGITAL_S1,B22,41021
match,흑백(1도),흑백,국4절,단면,70,200,200,COMP_PRINT_DIGITAL_S1,B23,41022
match,흑백(1도),흑백,국4절,단면,80,200,200,COMP_PRINT_DIGITAL_S1,B24,41023
match,흑백(1도),흑백,국4절,단면,90,200,200,COMP_PRINT_DIGITAL_S1,B25,41024
match,흑백(1도),흑백,국4절,단면,100,200,200,COMP_PRINT_DIGITAL_S1,B26,41025
match,흑백(1도),흑백,국4절,단면,150,140,140,COMP_PRINT_DIGITAL_S1,B27,41026
match,흑백(1도),흑백,국4절,단면,200,130,130,COMP_PRINT_DIGITAL_S1,B28,41027
match,흑백(1도),흑백,국4절,단면,250,120,120,COMP_PRINT_DIGITAL_S1,B29,41028
match,흑백(1도),흑백,국4절,단면,300,110,110,COMP_PRINT_DIGITAL_S1,B30,41029
match,흑백(1도),흑백,국4절,단면,350,100,100,COMP_PRINT_DIGITAL_S1,B31,41030
match,흑백(1도),흑백,국4절,단면,400,90,90,COMP_PRINT_DIGITAL_S1,B32,41031
match,흑백(1도),흑백,국4절,단면,450,80,80,COMP_PRINT_DIGITAL_S1,B33,41032
match,흑백(1도),흑백,국4절,단면,500,70,70,COMP_PRINT_DIGITAL_S1,B34,41033
match,흑백(1도),흑백,국4절,단면,600,70,70,COMP_PRINT_DIGITAL_S1,B35,41034
match,흑백(1도),흑백,국4절,단면,700,70,70,COMP_PRINT_DIGITAL_S1,B36,41035
match,흑백(1도),흑백,국4절,단면,800,70,70,COMP_PRINT_DIGITAL_S1,B37,41036
match,흑백(1도),흑백,국4절,단면,900,70,70,COMP_PRINT_DIGITAL_S1,B38,41037
match,흑백(1도),흑백,국4절,단면,1000,70,70,COMP_PRINT_DIGITAL_S1,B39,41038
match,흑백(1도),흑백,국4절,단면,1200,70,70,COMP_PRINT_DIGITAL_S1,B40,41039
match,흑백(1도),흑백,국4절,단면,1400,65,65,COMP_PRINT_DIGITAL_S1,B41,41040
match,흑백(1도),흑백,국4절,단면,1600,65,65,COMP_PRINT_DIGITAL_S1,B42,41041
match,흑백(1도),흑백,국4절,단면,1800,60,60,COMP_PRINT_DIGITAL_S1,B43,41042
match,흑백(1도),흑백,국4절,단면,2000,60,60,COMP_PRINT_DIGITAL_S1,B44,41043
match,흑백(1도),흑백,국4절,단면,2500,55,55,COMP_PRINT_DIGITAL_S1,B45,41044
match,흑백(1도),흑백,국4절,단면,3000,55,55,COMP_PRINT_DIGITAL_S1,B46,41045
match,흑백(1도),흑백,국4절,단면,3500,50,50,COMP_PRINT_DIGITAL_S1,B47,41046
match,흑백(1도),흑백,국4절,단면,4000,50,50,COMP_PRINT_DIGITAL_S1,B48,41047
match,흑백(1도),흑백,국4절,단면,4500,45,45,COMP_PRINT_DIGITAL_S1,B49,41048
match,흑백(1도),흑백,국4절,단면,5000,45,45,COMP_PRINT_DIGITAL_S1,B50,41049
match,흑백(1도),흑백,국4절,단면,6000,40,40,COMP_PRINT_DIGITAL_S1,B51,41050
match,흑백(1도),흑백,국4절,단면,7000,40,40,COMP_PRINT_DIGITAL_S1,B52,41051
match,흑백(1도),흑백,국4절,단면,8000,40,40,COMP_PRINT_DIGITAL_S1,B53,41052
match,흑백(1도),흑백,국4절,단면,9000,40,40,COMP_PRINT_DIGITAL_S1,B54,41053
match,흑백(1도),흑백,국4절,단면,10000,40,40,COMP_PRINT_DIGITAL_S1,B55,41054
match,흑백(1도),흑백,국4절,단면,1000000,40,40,COMP_PRINT_DIGITAL_S1,B56,41055
match,흑백(1도),흑백,국4절,양면,1,4000,4000,COMP_PRINT_DIGITAL_S1,C4,41303
match,흑백(1도),흑백,국4절,양면,2,2900,2900,COMP_PRINT_DIGITAL_S1,C5,41304
match,흑백(1도),흑백,국4절,양면,3,2500,2500,COMP_PRINT_DIGITAL_S1,C6,41305
match,흑백(1도),흑백,국4절,양면,4,2200,2200,COMP_PRINT_DIGITAL_S1,C7,41306
match,흑백(1도),흑백,국4절,양면,5,2000,2000,COMP_PRINT_DIGITAL_S1,C8,41307
match,흑백(1도),흑백,국4절,양면,6,1900,1900,COMP_PRINT_DIGITAL_S1,C9,41308
match,흑백(1도),흑백,국4절,양면,7,1700,1700,COMP_PRINT_DIGITAL_S1,C10,41309
match,흑백(1도),흑백,국4절,양면,8,1500,1500,COMP_PRINT_DIGITAL_S1,C11,41310
match,흑백(1도),흑백,국4절,양면,9,1300,1300,COMP_PRINT_DIGITAL_S1,C12,41311
match,흑백(1도),흑백,국4절,양면,10,1200,1200,COMP_PRINT_DIGITAL_S1,C13,41312
match,흑백(1도),흑백,국4절,양면,15,900,900,COMP_PRINT_DIGITAL_S1,C14,41313
match,흑백(1도),흑백,국4절,양면,20,800,800,COMP_PRINT_DIGITAL_S1,C15,41314
match,흑백(1도),흑백,국4절,양면,25,700,700,COMP_PRINT_DIGITAL_S1,C16,41315
match,흑백(1도),흑백,국4절,양면,30,600,600,COMP_PRINT_DIGITAL_S1,C17,41316
match,흑백(1도),흑백,국4절,양면,35,560,560,COMP_PRINT_DIGITAL_S1,C18,41317
match,흑백(1도),흑백,국4절,양면,40,500,500,COMP_PRINT_DIGITAL_S1,C19,41318
match,흑백(1도),흑백,국4절,양면,45,500,500,COMP_PRINT_DIGITAL_S1,C20,41319
match,흑백(1도),흑백,국4절,양면,50,500,500,COMP_PRINT_DIGITAL_S1,C21,41320
match,흑백(1도),흑백,국4절,양면,60,400,400,COMP_PRINT_DIGITAL_S1,C22,41321
match,흑백(1도),흑백,국4절,양면,70,400,400,COMP_PRINT_DIGITAL_S1,C23,41322
match,흑백(1도),흑백,국4절,양면,80,400,400,COMP_PRINT_DIGITAL_S1,C24,41323
match,흑백(1도),흑백,국4절,양면,90,400,400,COMP_PRINT_DIGITAL_S1,C25,41324
match,흑백(1도),흑백,국4절,양면,100,400,400,COMP_PRINT_DIGITAL_S1,C26,41325
match,흑백(1도),흑백,국4절,양면,150,280,280,COMP_PRINT_DIGITAL_S1,C27,41326
match,흑백(1도),흑백,국4절,양면,200,260,260,COMP_PRINT_DIGITAL_S1,C28,41327
match,흑백(1도),흑백,국4절,양면,250,240,240,COMP_PRINT_DIGITAL_S1,C29,41328
match,흑백(1도),흑백,국4절,양면,300,220,220,COMP_PRINT_DIGITAL_S1,C30,41329
match,흑백(1도),흑백,국4절,양면,350,200,200,COMP_PRINT_DIGITAL_S1,C31,41330
match,흑백(1도),흑백,국4절,양면,400,180,180,COMP_PRINT_DIGITAL_S1,C32,41331
match,흑백(1도),흑백,국4절,양면,450,160,160,COMP_PRINT_DIGITAL_S1,C33,41332
match,흑백(1도),흑백,국4절,양면,500,140,140,COMP_PRINT_DIGITAL_S1,C34,41333
match,흑백(1도),흑백,국4절,양면,600,140,140,COMP_PRINT_DIGITAL_S1,C35,41334
match,흑백(1도),흑백,국4절,양면,700,140,140,COMP_PRINT_DIGITAL_S1,C36,41335
match,흑백(1도),흑백,국4절,양면,800,140,140,COMP_PRINT_DIGITAL_S1,C37,41336
match,흑백(1도),흑백,국4절,양면,900,140,140,COMP_PRINT_DIGITAL_S1,C38,41337
match,흑백(1도),흑백,국4절,양면,1000,140,140,COMP_PRINT_DIGITAL_S1,C39,41338
match,흑백(1도),흑백,국4절,양면,1200,140,140,COMP_PRINT_DIGITAL_S1,C40,41339
match,흑백(1도),흑백,국4절,양면,1400,130,130,COMP_PRINT_DIGITAL_S1,C41,41340
match,흑백(1도),흑백,국4절,양면,1600,130,130,COMP_PRINT_DIGITAL_S1,C42,41341
match,흑백(1도),흑백,국4절,양면,1800,120,120,COMP_PRINT_DIGITAL_S1,C43,41342
match,흑백(1도),흑백,국4절,양면,2000,120,120,COMP_PRINT_DIGITAL_S1,C44,41343
match,흑백(1도),흑백,국4절,양면,2500,110,110,COMP_PRINT_DIGITAL_S1,C45,41344
match,흑백(1도),흑백,국4절,양면,3000,110,110,COMP_PRINT_DIGITAL_S1,C46,41345
match,흑백(1도),흑백,국4절,양면,3500,100,100,COMP_PRINT_DIGITAL_S1,C47,41346
match,흑백(1도),흑백,국4절,양면,4000,100,100,COMP_PRINT_DIGITAL_S1,C48,41347
match,흑백(1도),흑백,국4절,양면,4500,90,90,COMP_PRINT_DIGITAL_S1,C49,41348
match,흑백(1도),흑백,국4절,양면,5000,90,90,COMP_PRINT_DIGITAL_S1,C50,41349
match,흑백(1도),흑백,국4절,양면,6000,80,80,COMP_PRINT_DIGITAL_S1,C51,41350
match,흑백(1도),흑백,국4절,양면,7000,80,80,COMP_PRINT_DIGITAL_S1,C52,41351
match,흑백(1도),흑백,국4절,양면,8000,80,80,COMP_PRINT_DIGITAL_S1,C53,41352
match,흑백(1도),흑백,국4절,양면,9000,80,80,COMP_PRINT_DIGITAL_S1,C54,41353
match,흑백(1도),흑백,국4절,양면,10000,80,80,COMP_PRINT_DIGITAL_S1,C55,41354
match,흑백(1도),흑백,국4절,양면,1000000,80,80,COMP_PRINT_DIGITAL_S1,C56,41355
