prd_cd,상품명,카테고리(MAP),상품군(sheet),근거(verdict/method)
PRD_000108,탁상형캘린더,07 캘린더,캘린더:탁상형캘린더,QUOTABLE/원자합산형(인쇄+용지+제본/가공)
PRD_000175,만년다이어리(레더소프트커버),08 문구,문구:만년다이어리(레더소프트커버),QUOTABLE/고정가형(고정가+수량구간할인)
PRD_000146,아크릴키링,09 아크릴,아크릴:아크릴키링,QUOTABLE/고정가형(아크릴 완제품 고정단가)
PRD_000183,틴거울,10 라이프,굿즈파우치:틴거울,QUOTABLE/고정가형(고정가+수량구간할인)
PRD_000230,레더 플랫 파우치,11 에코백,굿즈파우치:레더 플랫 파우치,QUOTABLE/고정가형(고정가+수량구간할인)
PRD_000043,인쇄배경지(OPP봉투타입),12 포장,디지털인쇄:인쇄배경지(OPP봉투타입),QUOTABLE/원자합산형(인쇄비+코팅+용지+후가공)
PRD_000119,아트페이퍼포스터,04 포스터,실사:아트페이퍼포스터,QUOTABLE/면적매트릭스형(포스터사인 가로x세로) / 일부 고정가형
PRD_000109,미니탁상형캘린더,07 캘린더,캘린더:미니탁상형캘린더,QUOTABLE/원자합산형(인쇄+용지+제본/가공)
PRD_000174,만년다이어리(레더하드커버),08 문구,문구:만년다이어리(레더하드커버),QUOTABLE/고정가형(고정가+수량구간할인)
PRD_000147,아크릴마그넷,09 아크릴,아크릴:아크릴마그넷,QUOTABLE/고정가형(아크릴 완제품 고정단가)
PRD_000184,컴팩트거울,10 라이프,굿즈파우치:컴팩트거울,QUOTABLE/고정가형(고정가+수량구간할인)
PRD_000231,레더 슬림 파우치,11 에코백,굿즈파우치:레더 슬림 파우치,QUOTABLE/고정가형(고정가+수량구간할인)
PRD_000044,인쇄배경지(투명케이스타입),12 포장,디지털인쇄:인쇄배경지(투명케이스타입),QUOTABLE/원자합산형(인쇄비+코팅+용지+후가공)
PRD_000054,반칼 자유형 홀로그램스티커,02 스티커,스티커:반칼 자유형 홀로그램스티커,QUOTABLE/고정가형(스티커 규격/소재/수량 단가표)
PRD_000070,PUR책자,06 책자,책자:PUR책자,QUOTABLE/원자합산형(내지+표지+제본+용지)
PRD_000110,엽서캘린더,07 캘린더,캘린더:엽서캘린더,QUOTABLE/원자합산형(인쇄+용지+제본/가공)
PRD_000172,만년다이어리(소프트커버),08 문구,문구:만년다이어리(소프트커버),QUOTABLE/고정가형(고정가+수량구간할인)
PRD_000148,아크릴뱃지,09 아크릴,아크릴:아크릴뱃지,QUOTABLE/고정가형(아크릴 완제품 고정단가)
PRD_000185,카드거울,10 라이프,굿즈파우치:카드거울,QUOTABLE/고정가형(고정가+수량구간할인)
PRD_000232,레더 삼각 파우치,11 에코백,굿즈파우치:레더 삼각 파우치,QUOTABLE/고정가형(고정가+수량구간할인)
PRD_000045,인쇄헤더택,12 포장,디지털인쇄:인쇄헤더택,QUOTABLE/원자합산형(인쇄비+코팅+용지+후가공)
PRD_000019,투명엽서,01 엽서,디지털인쇄:투명엽서,QUOTABLE/원자합산형(인쇄비+코팅+용지+후가공)
PRD_000064,소량 자유형 스티커,02 스티커,스티커:소량자유형스티커,QUOTABLE/고정가형(스티커 규격/소재/수량 단가표)
PRD_000034,펄명함,03 인쇄홍보물,디지털인쇄:펄명함,QUOTABLE/원자합산형(인쇄비+코팅+용지+후가공)
PRD_000173,만년다이어리(하드커버),08 문구,문구:만년다이어리(하드커버),QUOTABLE/고정가형(고정가+수량구간할인)
PRD_000149,아크릴집게,09 아크릴,아크릴:아크릴집게,QUOTABLE/고정가형(아크릴 완제품 고정단가)
PRD_000186,사각손거울,10 라이프,굿즈파우치:사각손거울,QUOTABLE/고정가형(고정가+수량구간할인)
PRD_000233,레더 볼륨 파우치,11 에코백,굿즈파우치:레더 볼륨 파우치,QUOTABLE/고정가형(고정가+수량구간할인)
PRD_000020,화이트인쇄엽서,01 엽서,디지털인쇄:화이트인쇄엽서,QUOTABLE/원자합산형(인쇄비+코팅+용지+후가공)
PRD_000039,투명명함,03 인쇄홍보물,디지털인쇄:투명명함,QUOTABLE/원자합산형(인쇄비+코팅+용지+후가공)
PRD_000176,먼슬리플래너,08 문구,문구:먼슬리플래너,QUOTABLE/고정가형(고정가+수량구간할인)
PRD_000150,아크릴스마트톡,09 아크릴,아크릴:아크릴스마트톡,QUOTABLE/고정가형(아크릴 완제품 고정단가)
PRD_000187,블랙사각손거울,10 라이프,굿즈파우치:블랙사각손거울,QUOTABLE/고정가형(고정가+수량구간할인)
PRD_000234,레더 스트링 파우치,11 에코백,굿즈파우치:레더 스트링 파우치,QUOTABLE/고정가형(고정가+수량구간할인)
PRD_000021,핑크별색엽서,01 엽서,디지털인쇄:핑크별색엽서,QUOTABLE/원자합산형(인쇄비+코팅+용지+후가공)
PRD_000056,낱장 자유형 투명스티커,02 스티커,스티커:낱장 자유형 투명스티커,QUOTABLE/고정가형(스티커 규격/소재/수량 단가표)
PRD_000040,화이트인쇄명함,03 인쇄홍보물,디지털인쇄:화이트인쇄명함,QUOTABLE/원자합산형(인쇄비+코팅+용지+후가공)
PRD_000111,벽걸이캘린더,07 캘린더,캘린더:벽걸이캘린더,QUOTABLE/원자합산형(인쇄+용지+제본/가공)
PRD_000151,맥세이프 스마트톡,09 아크릴,아크릴:맥세이프 스마트톡,QUOTABLE/고정가형(아크릴 완제품 고정단가)
PRD_000235,레더 스트링 원형파우치,11 에코백,굿즈파우치:레더 스트링 원형파우치,QUOTABLE/고정가형(고정가+수량구간할인)
PRD_000001,OPP접착봉투,12 포장,상품악세사리:OPP접착봉투,QUOTABLE/고정가형(수량별 고정단가)
PRD_000022,금은별색엽서,01 엽서,디지털인쇄:금은별색엽서,QUOTABLE/원자합산형(인쇄비+코팅+용지+후가공)
PRD_000057,대형 자유형 스티커,02 스티커,스티커:대형 자유형 스티커,QUOTABLE/고정가형(스티커 규격/소재/수량 단가표)
PRD_000035,모양명함,03 인쇄홍보물,디지털인쇄:모양명함,QUOTABLE/원자합산형(인쇄비+코팅+용지+후가공)
PRD_000140,무광시트커팅,05 사인,실사:무광시트커팅,QUOTABLE/면적매트릭스형(포스터사인 가로x세로) / 일부 고정가형
PRD_000072,하드커버책자,06 책자,책자:하드커버책자,QUOTABLE/원자합산형(내지+표지+제본+용지)
PRD_000112,와이드벽걸이캘린더,07 캘린더,캘린더:와이드벽걸이캘린더,QUOTABLE/원자합산형(인쇄+용지+제본/가공)
PRD_000152,아크릴명찰,09 아크릴,아크릴:아크릴명찰,QUOTABLE/고정가형(아크릴 완제품 고정단가)
PRD_000236,레더 플랫 클러치,11 에코백,굿즈파우치:레더 플랫 클러치,QUOTABLE/고정가형(고정가+수량구간할인)
PRD_000002,OPP비접착봉투,12 포장,상품악세사리:OPP비접착봉투,QUOTABLE/고정가형(수량별 고정단가)
PRD_000023,모양엽서,01 엽서,디지털인쇄:모양엽서,QUOTABLE/원자합산형(인쇄비+코팅+용지+후가공)
PRD_000036,미니모양명함,03 인쇄홍보물,디지털인쇄:미니모양명함,QUOTABLE/원자합산형(인쇄비+코팅+용지+후가공)
PRD_000123,아트패브릭포스터,04 포스터,실사:아트패브릭포스터,QUOTABLE/면적매트릭스형(포스터사인 가로x세로) / 일부 고정가형
PRD_000141,홀로그램시트커팅,05 사인,실사:홀로그램 시트커팅,QUOTABLE/면적매트릭스형(포스터사인 가로x세로) / 일부 고정가형
PRD_000077,레더하드커버책자,06 책자,책자:레더 하드커버책자,QUOTABLE/원자합산형(내지+표지+제본+용지)
PRD_000193,머그컵,10 라이프,굿즈파우치:머그컵,QUOTABLE/고정가형(고정가+수량구간할인)
PRD_000237,레더 삼각 클러치,11 에코백,굿즈파우치:레더 삼각 클러치,QUOTABLE/고정가형(고정가+수량구간할인)
PRD_000009,투명케이스,12 포장,상품악세사리:투명케이스,QUOTABLE/고정가형(수량별 고정단가)
PRD_000037,오리지널박명함,03 인쇄홍보물,디지털인쇄:오리지널박명함,QUOTABLE/원자합산형(인쇄비+코팅+용지+후가공)
PRD_000142,유광아크릴스티커,05 사인,실사:유광아크릴스티커,QUOTABLE/면적매트릭스형(포스터사인 가로x세로) / 일부 고정가형
PRD_000082,하드커버링책자,06 책자,책자:하드커버 링책자,QUOTABLE/원자합산형(내지+표지+제본+용지)
PRD_000177,스프링노트,08 문구,문구:스프링노트,QUOTABLE/고정가형(고정가+수량구간할인)
PRD_000155,아크릴볼펜,09 아크릴,아크릴:아크릴볼펜,QUOTABLE/고정가형(아크릴 완제품 고정단가)
PRD_000238,레더아이패드/노트북파우치,11 에코백,굿즈파우치:레더 아이패드/노트북 파우치,QUOTABLE/고정가형(고정가+수량구간할인)
PRD_000004,카드봉투,12 포장,상품악세사리:카드봉투,QUOTABLE/고정가형(수량별 고정단가)
PRD_000058,반칼 원형 스티커,02 스티커,스티커:반칼원형스티커,QUOTABLE/고정가형(스티커 규격/소재/수량 단가표)
PRD_000038,형압명함,03 인쇄홍보물,디지털인쇄:형압명함,QUOTABLE/원자합산형(인쇄비+코팅+용지+후가공)
PRD_000143,미러아크릴스티커,05 사인,실사:미러아크릴스티커,QUOTABLE/면적매트릭스형(포스터사인 가로x세로) / 일부 고정가형
PRD_000178,스프링수첩,08 문구,문구:스프링수첩,QUOTABLE/고정가형(고정가+수량구간할인)
PRD_000156,아크릴지비츠,09 아크릴,아크릴:아크릴지비츠,QUOTABLE/면적매트릭스형(아크릴 소재별 가로x세로)
PRD_000188,레더코스터,10 라이프,굿즈파우치:레더코스터,QUOTABLE/고정가형(고정가+수량구간할인)
PRD_000059,반칼 정사각 스티커,02 스티커,스티커:반칼정사각스티커,QUOTABLE/고정가형(스티커 규격/소재/수량 단가표)
PRD_000179,메모패드,08 문구,문구:메모패드,QUOTABLE/고정가형(고정가+수량구간할인)
PRD_000157,아크릴네임택,09 아크릴,아크릴:아크릴네임택,QUOTABLE/면적매트릭스형(아크릴 소재별 가로x세로)
PRD_000189,코르크코스터,10 라이프,굿즈파우치:코르크코스터,QUOTABLE/고정가형(고정가+수량구간할인)
PRD_000005,캘린더봉투,12 포장,상품악세사리:캘린더봉투,QUOTABLE/고정가형(수량별 고정단가)
PRD_000060,반칼직사각스티커,02 스티커,스티커:반칼직사각스티커,QUOTABLE/고정가형(스티커 규격/소재/수량 단가표)
PRD_000181,중철노트,08 문구,문구:중철노트,QUOTABLE/고정가형(고정가+수량구간할인)
PRD_000158,아크릴포카키링,09 아크릴,아크릴:아크릴 포카키링,QUOTABLE/면적매트릭스형(아크릴 소재별 가로x세로)
PRD_000190,우드코스터,10 라이프,굿즈파우치:우드코스터,QUOTABLE/고정가형(고정가+수량구간할인)
PRD_000239,캔버스 플랫 파우치,11 에코백,굿즈파우치:캔버스 플랫 파우치,QUOTABLE/고정가형(고정가+수량구간할인)
PRD_000028,미니접지카드,01 엽서,디지털인쇄:미니접지카드,QUOTABLE/원자합산형(인쇄비+코팅+용지+후가공)
PRD_000061,반칼띠지스티커,02 스티커,스티커:반칼띠지스티커,QUOTABLE/고정가형(스티커 규격/소재/수량 단가표)
PRD_000126,레더아트프린트,04 포스터,실사:레더아트프린트,QUOTABLE/면적매트릭스형(포스터사인 가로x세로) / 일부 고정가형
PRD_000097,떡메모지,08 문구,책자:떡메모지,QUOTABLE/원자합산형(내지+표지+제본+용지)
PRD_000159,아크릴코스터,09 아크릴,아크릴:아크릴 코스터,QUOTABLE/면적매트릭스형(아크릴 소재별 가로x세로)
PRD_000192,규조토코스터,10 라이프,굿즈파우치:규조토코스터,QUOTABLE/고정가형(고정가+수량구간할인)
PRD_000240,캔버스 삼각 파우치,11 에코백,굿즈파우치:캔버스 삼각 파우치,QUOTABLE/고정가형(고정가+수량구간할인)
PRD_000030,지그재그엽서,01 엽서,디지털인쇄:지그재그엽서,QUOTABLE/원자합산형(인쇄비+코팅+용지+후가공)
PRD_000062,반칼팬시스티커,02 스티커,스티커:반칼팬시스티커,QUOTABLE/고정가형(스티커 규격/소재/수량 단가표)
PRD_000048,접지리플렛,03 인쇄홍보물,디지털인쇄:접지리플렛,QUOTABLE/원자합산형(인쇄비+코팅+용지+후가공)
PRD_000127,타이벡프린트,04 포스터,실사:타이벡프린트,QUOTABLE/면적매트릭스형(포스터사인 가로x세로) / 일부 고정가형
PRD_000144,미니스탠딩보드,05 사인,실사:미니보드스탠딩,QUOTABLE/면적매트릭스형(포스터사인 가로x세로) / 일부 고정가형
PRD_000154,아크릴머리끈,09 아크릴,아크릴:아크릴 머리끈,QUOTABLE/면적매트릭스형(아크릴 소재별 가로x세로)
PRD_000191,린넨코스터,10 라이프,굿즈파우치:린넨패브릭코스터,QUOTABLE/고정가형(고정가+수량구간할인)
PRD_000241,캔버스 스트랩 라벨파우치,11 에코백,굿즈파우치:캔버스 스트랩 라벨파우치,QUOTABLE/고정가형(고정가+수량구간할인)
PRD_000046,라벨/택,12 포장,디지털인쇄:라벨/택,QUOTABLE/원자합산형(인쇄비+코팅+용지+후가공)
PRD_000063,반칼팬시투명스티커,02 스티커,스티커:반칼팬시투명스티커,QUOTABLE/고정가형(스티커 규격/소재/수량 단가표)
PRD_000128,메쉬프린트,04 포스터,실사:메쉬프린트,QUOTABLE/면적매트릭스형(포스터사인 가로x세로) / 일부 고정가형
PRD_000108,탁상형캘린더,07 캘린더,캘린더:탁상형캘린더,QUOTABLE/원자합산형(인쇄+용지+제본/가공)
PRD_000242,광목 스트링 라벨파우치,11 에코백,굿즈파우치:광목 스트링 라벨파우치,QUOTABLE/고정가형(고정가+수량구간할인)
PRD_000110,엽서캘린더,07 캘린더,캘린더:엽서캘린더,QUOTABLE/원자합산형(인쇄+용지+제본/가공)
PRD_000088,레더링바인더,08 문구,책자:레더 링바인더,QUOTABLE/원자합산형(내지+표지+제본+용지)
PRD_000194,워터북보틀,10 라이프,굿즈파우치:워터북보틀,QUOTABLE/고정가형(고정가+수량구간할인)
PRD_000243,린넨 스트링 파우치,11 에코백,굿즈파우치:린넨 스트링 파우치,QUOTABLE/고정가형(고정가+수량구간할인)
PRD_000111,벽걸이캘린더,07 캘린더,캘린더:벽걸이캘린더,QUOTABLE/원자합산형(인쇄+용지+제본/가공)
PRD_000215,클립보드,08 문구,굿즈파우치:클립보드,QUOTABLE/고정가형(고정가+수량구간할인)
PRD_000212,극세사클리너,10 라이프,굿즈파우치:극세사클리너,QUOTABLE/고정가형(고정가+수량구간할인)
PRD_000129,폼보드,04 포스터,실사:폼보드,QUOTABLE/면적매트릭스형(포스터사인 가로x세로) / 일부 고정가형
PRD_000216,투명클립보드,08 문구,굿즈파우치:투명클립보드,QUOTABLE/고정가형(고정가+수량구간할인)
PRD_000160,아크릴자유형스탠드,09 아크릴,아크릴:아크릴자유형스탠드,QUOTABLE/고정가형(아크릴 완제품 고정단가)
PRD_000067,타투스티커,02 스티커,스티커:타투스티커,QUOTABLE/고정가형(스티커 규격/소재/수량 단가표)
PRD_000130,포맥스보드,04 포스터,실사:포맥스보드,QUOTABLE/면적매트릭스형(포스터사인 가로x세로) / 일부 고정가형
PRD_000195,벨벳쿠션,10 라이프,굿즈파우치:벨벳쿠션,QUOTABLE/고정가형(고정가+수량구간할인)
PRD_000244,타이벡 플랫 파우치,11 에코백,굿즈파우치:타이벡 플랫 파우치,QUOTABLE/고정가형(고정가+수량구간할인)
PRD_000011,자석고정용고무판,12 포장,상품악세사리:자석고정용고무판,QUOTABLE/고정가형(수량별 고정단가)
PRD_000131,프레임리스액자,04 포스터,실사:프레임리스우드액자,QUOTABLE/면적매트릭스형(포스터사인 가로x세로) / 일부 고정가형
PRD_000245,타이벡 슬림 파우치,11 에코백,굿즈파우치:타이벡 슬림 파우치,QUOTABLE/고정가형(고정가+수량구간할인)
PRD_000132,레더아트액자,04 포스터,실사:레더아트액자,QUOTABLE/면적매트릭스형(포스터사인 가로x세로) / 일부 고정가형
PRD_000217,만년스탬프,08 문구,굿즈파우치:만년스탬프,QUOTABLE/고정가형(고정가+수량구간할인)
PRD_000246,타이벡 삼각 파우치,11 에코백,굿즈파우치:타이벡 삼각 파우치,QUOTABLE/고정가형(고정가+수량구간할인)
PRD_000065,스티커팩,02 스티커,스티커:스티커팩,QUOTABLE/고정가형(스티커 규격/소재/수량 단가표)
PRD_000050,봉투제작,03 인쇄홍보물,디지털인쇄:봉투제작,QUOTABLE/원자합산형(인쇄비+코팅+용지+후가공)
PRD_000214,자석북마크,08 문구,굿즈파우치:자석북마크,QUOTABLE/고정가형(고정가+수량구간할인)
PRD_000247,타이벡 스트링 파우치,11 에코백,굿즈파우치:타이벡 스트링 파우치,QUOTABLE/고정가형(고정가+수량구간할인)
PRD_000012,우드거치대,12 포장,상품악세사리:우드거치대,QUOTABLE/고정가형(수량별 고정단가)
PRD_000248,타이벡 플랫 클러치,11 에코백,굿즈파우치:타이벡 플랫 클러치,QUOTABLE/고정가형(고정가+수량구간할인)
PRD_000014,우드행거,12 포장,상품악세사리:우드행거,QUOTABLE/고정가형(수량별 고정단가)
PRD_000210,초슬림 마우스패드,08 문구,굿즈파우치:초슬림마우스패드,QUOTABLE/고정가형(고정가+수량구간할인)
PRD_000196,래더여권케이스,10 라이프,굿즈파우치:레더여권케이스,QUOTABLE/고정가형(고정가+수량구간할인)
PRD_000211,장패드,08 문구,굿즈파우치:장패드,QUOTABLE/고정가형(고정가+수량구간할인)
PRD_000226,아크릴쉐이커코롯토,09 아크릴,굿즈파우치:아크릴쉐이커코롯토,QUOTABLE/고정가형(고정가+수량구간할인)
PRD_000225,말랑여권케이스,10 라이프,굿즈파우치:말랑여권케이스,QUOTABLE/고정가형(고정가+수량구간할인)
PRD_000006,볼체인,12 포장,상품악세사리:볼체인,QUOTABLE/고정가형(수량별 고정단가)
PRD_000213,틴케이스,08 문구,굿즈파우치:틴케이스,QUOTABLE/고정가형(고정가+수량구간할인)
PRD_000249,메쉬슬림파우치,11 에코백,굿즈파우치:메쉬슬림파우치,QUOTABLE/고정가형(고정가+수량구간할인)
PRD_000007,와이어링,12 포장,상품악세사리:와이어링,QUOTABLE/고정가형(수량별 고정단가)
PRD_000224,말랑 네임택,10 라이프,굿즈파우치:말랑네임택,QUOTABLE/고정가형(고정가+수량구간할인)
PRD_000250,메쉬볼륨파우치,11 에코백,굿즈파우치:메쉬볼륨파우치,QUOTABLE/고정가형(고정가+수량구간할인)
PRD_000197,미니매트,10 라이프,굿즈파우치:미니매트,QUOTABLE/고정가형(고정가+수량구간할인)
PRD_000198,피크닉매트,10 라이프,굿즈파우치:피크닉매트,QUOTABLE/고정가형(고정가+수량구간할인)
PRD_000051,썬캡,10 라이프,디지털인쇄:썬캡,QUOTABLE/원자합산형(인쇄비+코팅+용지+후가공)
PRD_000251,레더 플랫 미니파우치,11 에코백,굿즈파우치:레더 플랫 미니파우치,QUOTABLE/고정가형(고정가+수량구간할인)
PRD_000252,레더 슬림 미니파우치,11 에코백,굿즈파우치:레더 슬림 미니파우치,QUOTABLE/고정가형(고정가+수량구간할인)
PRD_000253,레더 삼각 미니파우치,11 에코백,굿즈파우치:레더 삼각 미니파우치,QUOTABLE/고정가형(고정가+수량구간할인)
PRD_000254,레더 볼륨 미니파우치,11 에코백,굿즈파우치:레더 볼륨 미니파우치,QUOTABLE/고정가형(고정가+수량구간할인)
PRD_000200,핀버튼,10 라이프,굿즈파우치:핀버튼,QUOTABLE/고정가형(고정가+수량구간할인)
PRD_000255,레더 원형 미니파우치,11 에코백,굿즈파우치:레더 원형 미니파우치,QUOTABLE/고정가형(고정가+수량구간할인)
PRD_000201,레더스트랩키링,10 라이프,굿즈파우치:레더스트랩키링,QUOTABLE/고정가형(고정가+수량구간할인)
PRD_000256,레더 플랫 필통,11 에코백,굿즈파우치:레더 플랫 필통,QUOTABLE/고정가형(고정가+수량구간할인)
PRD_000257,레더 슬림 필통,11 에코백,굿즈파우치:레더 슬림 필통,QUOTABLE/고정가형(고정가+수량구간할인)
PRD_000221,말랑키링,10 라이프,굿즈파우치:말랑키링,QUOTABLE/고정가형(고정가+수량구간할인)
PRD_000258,레더 삼각 필통,11 에코백,굿즈파우치:레더 삼각 필통,QUOTABLE/고정가형(고정가+수량구간할인)
PRD_000259,레더 볼륨 필통,11 에코백,굿즈파우치:레더 볼륨 필통,QUOTABLE/고정가형(고정가+수량구간할인)
PRD_000223,말랑포카홀더,10 라이프,굿즈파우치:말랑포카홀더,QUOTABLE/고정가형(고정가+수량구간할인)
PRD_000260,레더 원형 필통,11 에코백,굿즈파우치:레더 원형 필통,QUOTABLE/고정가형(고정가+수량구간할인)
PRD_000202,키캡키링,10 라이프,굿즈파우치:키캡키링,QUOTABLE/고정가형(고정가+수량구간할인)
PRD_000261,캔버스 플랫 필통,11 에코백,굿즈파우치:캔버스 플랫 필통,QUOTABLE/고정가형(고정가+수량구간할인)
PRD_000262,캔버스 삼각 필통,11 에코백,굿즈파우치:캔버스 삼각 필통,QUOTABLE/고정가형(고정가+수량구간할인)
PRD_000263,레더토트백,11 에코백,굿즈파우치:레더토트백,QUOTABLE/고정가형(고정가+수량구간할인)
PRD_000208,슬로건,10 라이프,굿즈파우치:슬로건,QUOTABLE/고정가형(고정가+수량구간할인)
PRD_000264,레더숄더백,11 에코백,굿즈파우치:레더숄더백,QUOTABLE/고정가형(고정가+수량구간할인)
PRD_000229,이미지피켓(우치와),10 라이프,굿즈파우치:이미지피켓,QUOTABLE/고정가형(고정가+수량구간할인)
PRD_000228,하트 이미지피켓,10 라이프,굿즈파우치:하트 이미지피켓,QUOTABLE/고정가형(고정가+수량구간할인)
PRD_000227,미니우치와키링,10 라이프,굿즈파우치:미니우치와키링,QUOTABLE/고정가형(고정가+수량구간할인)
PRD_000265,린넨 미니에코백,11 에코백,굿즈파우치:린넨 미니에코백,QUOTABLE/고정가형(고정가+수량구간할인)
PRD_000266,린넨 토트백,11 에코백,굿즈파우치:린넨 토트백,QUOTABLE/고정가형(고정가+수량구간할인)
PRD_000267,린넨 에코백,11 에코백,굿즈파우치:린넨 에코백,QUOTABLE/고정가형(고정가+수량구간할인)
PRD_000268,캔버스 심플백,11 에코백,굿즈파우치:캔버스심플백,QUOTABLE/고정가형(고정가+수량구간할인)
PRD_000269,캔버스 포켓심플백,11 에코백,굿즈파우치:캔버스 포켓심플백,QUOTABLE/고정가형(고정가+수량구간할인)
PRD_000272,캔버스 포켓숄더백,11 에코백,굿즈파우치:캔버스 포켓숄더백,QUOTABLE/고정가형(고정가+수량구간할인)
PRD_000205,양말,10 라이프,굿즈파우치:양말,QUOTABLE/고정가형(고정가+수량구간할인)
PRD_000270,캔버스 에코백,11 에코백,굿즈파우치:캔버스에코백,QUOTABLE/고정가형(고정가+수량구간할인)
PRD_000206,반팔티셔츠,10 라이프,굿즈파우치:반팔티셔츠,QUOTABLE/고정가형(고정가+수량구간할인)
PRD_000271,캔버스 숄더백,11 에코백,굿즈파우치:캔버스숄더백,QUOTABLE/고정가형(고정가+수량구간할인)
PRD_000209,후드티셔츠,10 라이프,굿즈파우치:후드티셔츠,QUOTABLE/고정가형(고정가+수량구간할인)
PRD_000276,타이벡 에코백,11 에코백,굿즈파우치:타이벡 에코백,QUOTABLE/고정가형(고정가+수량구간할인)
PRD_000219,밴드톡,10 라이프,굿즈파우치:밴드톡,QUOTABLE/고정가형(고정가+수량구간할인)
PRD_000277,타이벡 보냉에코백,11 에코백,굿즈파우치:타이벡 보냉에코백,QUOTABLE/고정가형(고정가+수량구간할인)
PRD_000220,폰스트랩,10 라이프,굿즈파우치:폰스트랩,QUOTABLE/고정가형(고정가+수량구간할인)
PRD_000275,타이벡 보냉미니백,11 에코백,굿즈파우치:타이벡 보냉 미니백,QUOTABLE/고정가형(고정가+수량구간할인)
PRD_000274,타이벡보냉보틀백,11 에코백,굿즈파우치:타이벡보냉보틀백,QUOTABLE/고정가형(고정가+수량구간할인)
PRD_000273,타이벡 양면 백팩,11 에코백,굿즈파우치:타이벡 양면 백팩,QUOTABLE/고정가형(고정가+수량구간할인)
PRD_000278,메쉬 토트백,11 에코백,굿즈파우치:메쉬 토트백,QUOTABLE/고정가형(고정가+수량구간할인)
PRD_000279,메쉬 에코백,11 에코백,굿즈파우치:메쉬 에코백,QUOTABLE/고정가형(고정가+수량구간할인)
PRD_000280,레더라벨제작,11 에코백,굿즈파우치:레더라벨제작,QUOTABLE/고정가형(고정가+수량구간할인)
