prd_cd,prd_nm,key,src_token,rule_id
PRD_000016,프리미엄엽서,73x98,73 x 98 mm,R-SIZE-1
PRD_000016,프리미엄엽서,98x98,98 x 98 mm,R-SIZE-1
PRD_000016,프리미엄엽서,100x150,100 x 150 mm,R-SIZE-1
PRD_000016,프리미엄엽서,135x135,135 x 135 mm,R-SIZE-1
PRD_000016,프리미엄엽서,95x210,95 x 210 mm,R-SIZE-1
PRD_000016,프리미엄엽서,110x170,110 x 170 mm,R-SIZE-1
PRD_000016,프리미엄엽서,148x210,148 x 210 mm,R-SIZE-1
PRD_000017,코팅엽서,73x98,73 x 98 mm,R-SIZE-1
PRD_000017,코팅엽서,98x98,98 x 98 mm,R-SIZE-1
PRD_000017,코팅엽서,100x150,100 x 150 mm,R-SIZE-1
PRD_000017,코팅엽서,135x135,135 x 135 mm,R-SIZE-1
PRD_000017,코팅엽서,95x210,95 x 210 mm,R-SIZE-1
PRD_000017,코팅엽서,110x170,110 x 170 mm,R-SIZE-1
PRD_000017,코팅엽서,148x210,148 x 210 mm,R-SIZE-1
PRD_000018,스탠다드엽서,73x98,73 x 98 mm,R-SIZE-1
PRD_000018,스탠다드엽서,98x98,98 x 98 mm,R-SIZE-1
PRD_000018,스탠다드엽서,100x150,100 x 150 mm,R-SIZE-1
PRD_000018,스탠다드엽서,135x135,135 x 135 mm,R-SIZE-1
PRD_000018,스탠다드엽서,148x210,148 x 210 mm,R-SIZE-1
PRD_000019,투명엽서,98x98,98 x 98 mm,R-SIZE-1
PRD_000019,투명엽서,100x150,100 x 150 mm,R-SIZE-1
PRD_000019,투명엽서,135x135,135 x 135 mm,R-SIZE-1
PRD_000019,투명엽서,148x210,148 x 210 mm,R-SIZE-1
PRD_000020,화이트인쇄엽서,98x98,98 x 98 mm,R-SIZE-1
PRD_000020,화이트인쇄엽서,100x150,100 x 150 mm,R-SIZE-1
PRD_000020,화이트인쇄엽서,135x135,135 x 135 mm,R-SIZE-1
PRD_000020,화이트인쇄엽서,148x210,148 x 210 mm,R-SIZE-1
PRD_000021,핑크별색엽서,98x98,98 x 98 mm,R-SIZE-1
PRD_000021,핑크별색엽서,100x150,100 x 150 mm,R-SIZE-1
PRD_000021,핑크별색엽서,135x135,135 x 135 mm,R-SIZE-1
PRD_000021,핑크별색엽서,148x210,148 x 210 mm,R-SIZE-1
PRD_000022,금은별색엽서,98x98,98 x 98 mm,R-SIZE-1
PRD_000022,금은별색엽서,100x150,100 x 150 mm,R-SIZE-1
PRD_000022,금은별색엽서,135x135,135 x 135 mm,R-SIZE-1
PRD_000022,금은별색엽서,148x210,148 x 210 mm,R-SIZE-1
PRD_000023,모양엽서,90x90,90 x 90 mm,R-SIZE-1
PRD_000024,포토카드,55x86,55 x 86 mm,R-SIZE-1
PRD_000025,투명포토카드,55x86,55 x 86 mm,R-SIZE-1
PRD_000026,종이슬로건,300x100,300 x 100 mm,R-SIZE-1
PRD_000026,종이슬로건,400x145,400 x 145 mm,R-SIZE-1
PRD_000027,2단접지카드,100x150,100 x 150 mm,R-SIZE-1
PRD_000027,2단접지카드,150x100,150 x 100 mm,R-SIZE-1
PRD_000027,2단접지카드,135x135,135 x 135 mm,R-SIZE-1
PRD_000027,2단접지카드,110x170,110 x 170 mm,R-SIZE-1
PRD_000027,2단접지카드,170x110,170 x 110 mm,R-SIZE-1
PRD_000028,미니접지카드,90x50,90 x 50 mm,R-SIZE-1
PRD_000028,미니접지카드,50x90,50 x 90 mm,R-SIZE-1
PRD_000028,미니접지카드,86x52,86 x 52 mm,R-SIZE-1
PRD_000028,미니접지카드,52x86,52 x  86 mm,R-SIZE-1
PRD_000029,3단접지카드,100x150,100 x 150 mm,R-SIZE-1
PRD_000029,3단접지카드,150x100,150 x 100 mm,R-SIZE-1
PRD_000029,3단접지카드,135x135,135 x 135 mm,R-SIZE-1
PRD_000029,3단접지카드,135x135,135 x 135 mm,R-SIZE-1
PRD_000030,지그재그엽서,600x150,600 x 150 mm,R-SIZE-1
PRD_000030,지그재그엽서,150x600,150 x 600 mm,R-SIZE-1
PRD_000031,프리미엄명함,90x50,90 x 50 mm,R-SIZE-1
PRD_000031,프리미엄명함,90x55,90 x 55 mm,R-SIZE-1
PRD_000031,프리미엄명함,86x52,86 x 52 mm,R-SIZE-1
PRD_000032,코팅명함,90x50,90 x 50 mm,R-SIZE-1
PRD_000032,코팅명함,86x52,86 x 52 mm,R-SIZE-1
PRD_000033,스탠다드명함,90x50,90 x 50 mm,R-SIZE-1
PRD_000033,스탠다드명함,86x52,86 x 52 mm,R-SIZE-1
PRD_000034,펄명함,90x50,90 x 50 mm,R-SIZE-1
PRD_000035,모양명함,90x50,90 x 50 mm,R-SIZE-1
PRD_000036,미니모양명함,50x50,50 x 50 mm,R-SIZE-1
PRD_000037,오리지널박명함,90x50,90 x 50 mm,R-SIZE-1
PRD_000038,형압명함,90x50,90 x 50 mm,R-SIZE-1
PRD_000039,투명명함,90x50,90 x 50 mm,R-SIZE-1
PRD_000040,화이트인쇄명함,90x50,90 x 50 mm,R-SIZE-1
PRD_000041,스탠다드 쿠폰/상품권,148x68,148 x 68 mm,R-SIZE-1
PRD_000041,스탠다드 쿠폰/상품권,148x75,148 x 75 mm,R-SIZE-1
PRD_000042,프리미엄 쿠폰/상품권,148x68,148 x 68 mm,R-SIZE-1
PRD_000042,프리미엄 쿠폰/상품권,148x75,148 x 75 mm,R-SIZE-1
PRD_000043,인쇄배경지(OPP봉투타입),76x100,76 x 100 mm,R-SIZE-1
PRD_000043,인쇄배경지(OPP봉투타입),76x120,76 x 120 mm,R-SIZE-1
PRD_000043,인쇄배경지(OPP봉투타입),86x120,86 x 120 mm,R-SIZE-1
PRD_000043,인쇄배경지(OPP봉투타입),94x94,94 x 94 mm,R-SIZE-1
PRD_000043,인쇄배경지(OPP봉투타입),62x180,62 x 180 mm,R-SIZE-1
PRD_000043,인쇄배경지(OPP봉투타입),105x160,105 x 160 mm,R-SIZE-1
PRD_000044,인쇄배경지(투명케이스타입),74x74,74 x 74 mm,R-SIZE-1
PRD_000044,인쇄배경지(투명케이스타입),74x109,74 x 109 mm,R-SIZE-1
PRD_000045,인쇄헤더택,80x80,80 x 80mm,R-SIZE-1
PRD_000045,인쇄헤더택,110x80,110 x 80mm,R-SIZE-1
PRD_000045,인쇄헤더택,140x80,140 x 80mm,R-SIZE-1
PRD_000045,인쇄헤더택,160x80,160 x 80mm,R-SIZE-1
PRD_000046,라벨/택,40x80,40 x 80 mm,R-SIZE-1
PRD_000046,라벨/택,50x50,50 x 50 mm,R-SIZE-1
PRD_000046,라벨/택,25x110,25 x 110 mm,R-SIZE-1
PRD_000047,소량전단지,148x210,A5 (148 x 210mm),R-SIZE-1
PRD_000047,소량전단지,210x297,A4 (210 x 297mm),R-SIZE-1
PRD_000047,소량전단지,297x420,A3 (297 x 420mm),R-SIZE-1
PRD_000047,소량전단지,300x440,A3+ (300 x 440mm),R-SIZE-1
PRD_000051,썬캡,313x400,313 x 400 mm,R-SIZE-1
PRD_000052,반칼 자유형 스티커,105x148,A6 (105 x 148 mm),R-SIZE-1
PRD_000052,반칼 자유형 스티커,148x210,A5 (148 x 210 mm),R-SIZE-1
PRD_000052,반칼 자유형 스티커,210x297,A4 (210 x 297 mm),R-SIZE-1
PRD_000053,반칼 자유형 투명스티커,105x148,A6 (105 x 148 mm),R-SIZE-1
PRD_000053,반칼 자유형 투명스티커,148x210,A5 (148 x 210 mm),R-SIZE-1
PRD_000053,반칼 자유형 투명스티커,210x297,A4 (210 x 297 mm),R-SIZE-1
PRD_000054,반칼 자유형 홀로그램스티커,105x148,A6 (105 x 148 mm),R-SIZE-1
PRD_000054,반칼 자유형 홀로그램스티커,148x210,A5 (148 x 210 mm),R-SIZE-1
PRD_000054,반칼 자유형 홀로그램스티커,210x297,A4 (210 x 297 mm),R-SIZE-1
PRD_000055,낱장 자유형 스티커,210x297,A4 (210 x 297 mm),R-SIZE-1
PRD_000055,낱장 자유형 스티커,297x420,A3 (297 x 420 mm),R-SIZE-1
PRD_000055,낱장 자유형 스티커,420x594,A2 (420 x 594 mm),R-SIZE-1
PRD_000056,낱장 자유형 투명스티커,210x297,A4 (210 x 297 mm),R-SIZE-1
PRD_000056,낱장 자유형 투명스티커,297x420,A3 (297 x 420 mm),R-SIZE-1
PRD_000056,낱장 자유형 투명스티커,420x594,A2 (420 x 594 mm),R-SIZE-1
PRD_000057,대형 자유형 스티커,400x600,400 x 600 mm,R-SIZE-1
PRD_000058,반칼원형스티커,148x210,A5 (148 x 210 mm),R-SIZE-1
PRD_000058,반칼원형스티커,210x297,A4 (210 x 297 mm),R-SIZE-1
PRD_000059,반칼정사각스티커,148x210,A5 (148 x 210 mm),R-SIZE-1
PRD_000059,반칼정사각스티커,210x297,A4 (210 x 297 mm),R-SIZE-1
PRD_000060,반칼직사각스티커,148x210,A5 (148 x 210 mm),R-SIZE-1
PRD_000060,반칼직사각스티커,210x297,A4 (210 x 297 mm),R-SIZE-1
PRD_000061,반칼띠지스티커,148x210,A5 (148 x 210 mm),R-SIZE-1
PRD_000061,반칼띠지스티커,210x297,A4 (210 x 297 mm),R-SIZE-1
PRD_000062,반칼팬시스티커,100x140,100 x 140 mm,R-SIZE-1
PRD_000062,반칼팬시스티커,124x186,124 x186 mm,R-SIZE-1
PRD_000062,반칼팬시스티커,90x190,90 x 190 mm,R-SIZE-1
PRD_000063,반칼팬시투명스티커,100x140,100 x 140 mm,R-SIZE-1
PRD_000063,반칼팬시투명스티커,124x186,124 x186 mm,R-SIZE-1
PRD_000063,반칼팬시투명스티커,90x190,90 x 190 mm,R-SIZE-1
PRD_000064,소량자유형스티커,50x70,50 x 70 mm,R-SIZE-1
PRD_000064,소량자유형스티커,70x50,70 x 50 mm,R-SIZE-1
PRD_000064,소량자유형스티커,50x94,50 x 94 mm,R-SIZE-1
PRD_000064,소량자유형스티커,94x50,94 x 50 mm,R-SIZE-1
PRD_000064,소량자유형스티커,65x65,65 x 65 mm,R-SIZE-1
PRD_000064,소량자유형스티커,80x80,80 x 80 mm,R-SIZE-1
PRD_000064,소량자유형스티커,94x94,94 x 94 mm,R-SIZE-1
PRD_000065,스티커팩,75x110,75 x 110 mm,R-SIZE-1
PRD_000066,합판도무송스티커,10x10,정사각 10 x 10mm (8EA),R-SIZE-1
PRD_000066,합판도무송스티커,15x15,정사각 15 x 15mm (8EA),R-SIZE-1
PRD_000066,합판도무송스티커,20x20,정사각 20 x 20mm (6EA),R-SIZE-1
PRD_000066,합판도무송스티커,25x25,정사각 25 x 25mm (3EA),R-SIZE-1
PRD_000066,합판도무송스티커,30x30,정사각 30 x 30mm (2EA),R-SIZE-1
PRD_000066,합판도무송스티커,35x35,정사각 35 x 35mm (2EA),R-SIZE-1
PRD_000066,합판도무송스티커,40x40,정사각 40 x 40mm (2EA),R-SIZE-1
PRD_000066,합판도무송스티커,45x45,정사각 45 x 45mm (1EA),R-SIZE-1
PRD_000066,합판도무송스티커,50x50,정사각 50 x 50mm (1EA),R-SIZE-1
PRD_000066,합판도무송스티커,55x55,정사각 55 x 55mm (1EA),R-SIZE-1
PRD_000066,합판도무송스티커,60x60,정사각 60 x 60mm (1EA),R-SIZE-1
PRD_000066,합판도무송스티커,90x90,정사각 90 x 90mm (1EA),R-SIZE-1
PRD_000066,합판도무송스티커,35x25,직사각 35 x 25mm (2EA),R-SIZE-1
PRD_000066,합판도무송스티커,40x30,직사각 40 x 30mm (2EA),R-SIZE-1
PRD_000066,합판도무송스티커,42x20,직사각 42 x 20mm (2EA),R-SIZE-1
PRD_000066,합판도무송스티커,50x20,직사각 50 x 20mm (2EA),R-SIZE-1
PRD_000066,합판도무송스티커,50x30,직사각 50 x 30mm (2EA),R-SIZE-1
PRD_000066,합판도무송스티커,55x15,직사각 55 x 15mm (2EA),R-SIZE-1
PRD_000066,합판도무송스티커,55x20,직사각 55 x 20mm (2EA),R-SIZE-1
PRD_000066,합판도무송스티커,55x24,직사각 55 x 24mm (2EA),R-SIZE-1
PRD_000066,합판도무송스티커,55x33,직사각 55 x 33mm (2EA),R-SIZE-1
PRD_000066,합판도무송스티커,90x40,직사각 90 x 40mm (2EA),R-SIZE-1
PRD_000066,합판도무송스티커,90x50,직사각 90 x 50mm (1EA),R-SIZE-1
PRD_000066,합판도무송스티커,90x60,직사각 90 x 60mm (1EA),R-SIZE-1
PRD_000066,합판도무송스티커,90x70,직사각 90 x 70mm (1EA),R-SIZE-1
PRD_000066,합판도무송스티커,90x80,직사각 90 x 80mm (1EA),R-SIZE-1
PRD_000067,타투스티커,90x190,90 x 190 mm,R-SIZE-1
PRD_000068,중철책자,148x210,A5 (148 x 210 mm),R-SIZE-1
PRD_000068,중철책자,210x297,A4 (210 x 297 mm),R-SIZE-1
PRD_000069,무선책자,148x210,A5 (148 x 210 mm),R-SIZE-1
PRD_000069,무선책자,210x297,A4 (210 x 297 mm),R-SIZE-1
PRD_000070,PUR책자,148x210,A5 (148 x 210 mm),R-SIZE-1
PRD_000070,PUR책자,210x297,A4 (210 x 297 mm),R-SIZE-1
PRD_000071,트윈링책자,148x210,A5 (148 x 210 mm),R-SIZE-1
PRD_000071,트윈링책자,210x148,A5 (210 x 148 mm),R-SIZE-1
PRD_000071,트윈링책자,210x297,A4 (210 x 297 mm),R-SIZE-1
PRD_000071,트윈링책자,297x210,A4 (297 x 210 mm),R-SIZE-1
PRD_000072,하드커버책자,148x210,A5 (148 x 210 mm),R-SIZE-1
PRD_000072,하드커버책자,210x297,A4 (210 x 297 mm),R-SIZE-1
PRD_000077,레더 하드커버책자,148x210,A5 (148 x 210 mm),R-SIZE-1
PRD_000077,레더 하드커버책자,210x297,A4 (210 x 297 mm),R-SIZE-1
PRD_000082,하드커버 링책자,148x210,A5 (148 x 210 mm),R-SIZE-1
PRD_000082,하드커버 링책자,210x148,A5 (210 x 148 mm),R-SIZE-1
PRD_000082,하드커버 링책자,210x297,A4 (210 x 297 mm),R-SIZE-1
PRD_000082,하드커버 링책자,297x210,A4 (297 x 210 mm),R-SIZE-1
PRD_000094,엽서북,100x150,100 x 150 mm,R-SIZE-1
PRD_000094,엽서북,150x100,150 x 100 mm,R-SIZE-1
PRD_000094,엽서북,135x135,135 x 135 mm,R-SIZE-1
PRD_000097,떡메모지,90x90,90 x 90 mm,R-SIZE-1
PRD_000097,떡메모지,70x120,70 x 120 mm,R-SIZE-1
PRD_000182,떡메모지,90x90,90 x 90 mm,R-SIZE-1
PRD_000182,떡메모지,70x120,70 x 120 mm,R-SIZE-1
PRD_000100,포토북 [디자인명],8x8,8 x 8 (200 x 200 mm),R-SIZE-1
PRD_000100,포토북 [디자인명],10x10,10 x 10 (250 x 250 mm),R-SIZE-1
PRD_000100,포토북 [디자인명],148x210,A5 (148 x 210 mm),R-SIZE-1
PRD_000100,포토북 [디자인명],210x297,A4 (210 x 297 mm),R-SIZE-1
PRD_000108,탁상형캘린더,220x145,220 x 145 mm,R-SIZE-1
PRD_000108,탁상형캘린더,130x220,130 x 220 mm,R-SIZE-1
PRD_000113,탁상형캘린더,220x145,220 x 145 mm,R-SIZE-1
PRD_000113,탁상형캘린더,130x220,130 x 220 mm,R-SIZE-1
PRD_000109,미니탁상형캘린더,90x100,90 x 100 mm,R-SIZE-1
PRD_000109,미니탁상형캘린더,148x60,148 x 60 mm,R-SIZE-1
PRD_000114,미니탁상형캘린더,90x100,90 x 100 mm,R-SIZE-1
PRD_000114,미니탁상형캘린더,148x60,148 x 60 mm,R-SIZE-1
PRD_000110,엽서캘린더,145x145,145 x 145 mm,R-SIZE-1
PRD_000110,엽서캘린더,220x130,220 x 130 mm,R-SIZE-1
PRD_000110,엽서캘린더,220x145,220 x 145 mm,R-SIZE-1
PRD_000110,엽서캘린더,130x220,130  x 220 mm,R-SIZE-1
PRD_000110,엽서캘린더,148x210,148 x 210 mm,R-SIZE-1
PRD_000110,엽서캘린더,145x300,145 x 300 mm,R-SIZE-1
PRD_000115,엽서캘린더,145x145,145 x 145 mm,R-SIZE-1
PRD_000115,엽서캘린더,220x130,220 x 130 mm,R-SIZE-1
PRD_000115,엽서캘린더,220x145,220 x 145 mm,R-SIZE-1
PRD_000115,엽서캘린더,130x220,130  x 220 mm,R-SIZE-1
PRD_000115,엽서캘린더,148x210,148 x 210 mm,R-SIZE-1
PRD_000115,엽서캘린더,145x300,145 x 300 mm,R-SIZE-1
PRD_000111,벽걸이캘린더,210x297,210 x 297 mm,R-SIZE-1
PRD_000111,벽걸이캘린더,210x420,210 x 420 mm,R-SIZE-1
PRD_000111,벽걸이캘린더,300x420,300 x 420 mm,R-SIZE-1
PRD_000116,벽걸이캘린더,210x297,210 x 297 mm,R-SIZE-1
PRD_000116,벽걸이캘린더,210x420,210 x 420 mm,R-SIZE-1
PRD_000116,벽걸이캘린더,300x420,300 x 420 mm,R-SIZE-1
PRD_000112,와이드벽걸이캘린더,300x625,300 x 625 mm,R-SIZE-1
PRD_000117,와이드벽걸이캘린더,300x625,300 x 625 mm,R-SIZE-1
PRD_000108,탁상형캘린더,220x145,220 x 145 mm,R-SIZE-1
PRD_000108,탁상형캘린더,130x220,130 x 220 mm,R-SIZE-1
PRD_000113,탁상형캘린더,220x145,220 x 145 mm,R-SIZE-1
PRD_000113,탁상형캘린더,130x220,130 x 220 mm,R-SIZE-1
PRD_000109,미니탁상형캘린더,90x100,90 x 100 mm,R-SIZE-1
PRD_000109,미니탁상형캘린더,148x60,148 x 60 mm,R-SIZE-1
PRD_000114,미니탁상형캘린더,90x100,90 x 100 mm,R-SIZE-1
PRD_000114,미니탁상형캘린더,148x60,148 x 60 mm,R-SIZE-1
PRD_000110,엽서캘린더,145x145,145 x 145 mm,R-SIZE-1
PRD_000115,엽서캘린더,145x145,145 x 145 mm,R-SIZE-1
PRD_000111,벽걸이캘린더,210x297,210 x 297 mm,R-SIZE-1
PRD_000116,벽걸이캘린더,210x297,210 x 297 mm,R-SIZE-1
PRD_000112,와이드벽걸이캘린더,300x625,300 x 625 mm,R-SIZE-1
PRD_000117,와이드벽걸이캘린더,300x625,300 x 625 mm,R-SIZE-1
PRD_000118,아트프린트포스터,297x420,A3 (297 x 420 mm),R-SIZE-1
PRD_000118,아트프린트포스터,420x594,A2 (420 x 594 mm),R-SIZE-1
PRD_000118,아트프린트포스터,594x841,A1 (594 x 841 mm),R-SIZE-1
PRD_000119,아트페이퍼포스터,297x420,A3 (297 x 420 mm),R-SIZE-1
PRD_000119,아트페이퍼포스터,420x594,A2 (420 x 594 mm),R-SIZE-1
PRD_000119,아트페이퍼포스터,594x841,A1 (594 x 841 mm),R-SIZE-1
PRD_000120,방수포스터,297x420,A3 (297 x 420 mm),R-SIZE-1
PRD_000120,방수포스터,420x594,A2 (420 x 594 mm),R-SIZE-1
PRD_000120,방수포스터,594x841,A1 (594 x 841 mm),R-SIZE-1
PRD_000121,접착방수포스터,297x420,A3 (297 x 420 mm),R-SIZE-1
PRD_000121,접착방수포스터,420x594,A2 (420 x 594 mm),R-SIZE-1
PRD_000121,접착방수포스터,594x841,A1 (594 x 841 mm),R-SIZE-1
PRD_000122,접착투명포스터,297x420,A3 (297 x 420 mm),R-SIZE-1
PRD_000122,접착투명포스터,420x594,A2 (420 x 594 mm),R-SIZE-1
PRD_000122,접착투명포스터,594x841,A1 (594 x 841 mm),R-SIZE-1
PRD_000123,아트패브릭포스터,297x420,A3 (297 x 420 mm),R-SIZE-1
PRD_000123,아트패브릭포스터,420x594,A2 (420 x 594 mm),R-SIZE-1
PRD_000123,아트패브릭포스터,594x841,A1 (594 x 841 mm),R-SIZE-1
PRD_000124,린넨패브릭포스터,297x420,A3세로 (297 x 420 mm),R-SIZE-1
PRD_000124,린넨패브릭포스터,420x297,A3가로 (420 x 297 mm),R-SIZE-1
PRD_000124,린넨패브릭포스터,420x594,A2세로 (420 x 594 mm),R-SIZE-1
PRD_000124,린넨패브릭포스터,594x420,A2가로 (594 x 420 mm),R-SIZE-1
PRD_000124,린넨패브릭포스터,594x841,A1세로 (594 x 841 mm),R-SIZE-1
PRD_000124,린넨패브릭포스터,841x594,A1가로 (841 x 594 mm),R-SIZE-1
PRD_000125,캔버스패브릭포스터,297x420,A3 (297 x 420 mm),R-SIZE-1
PRD_000125,캔버스패브릭포스터,420x594,A2 (420 x 594 mm),R-SIZE-1
PRD_000125,캔버스패브릭포스터,594x841,A1 (594 x 841 mm),R-SIZE-1
PRD_000126,레더아트프린트,297x420,A3 (297 x 420 mm),R-SIZE-1
PRD_000126,레더아트프린트,420x594,A2 (420 x 594 mm),R-SIZE-1
PRD_000126,레더아트프린트,594x841,A1 (594 x 841 mm),R-SIZE-1
PRD_000127,타이벡프린트,297x420,A3 (297 x 420 mm),R-SIZE-1
PRD_000127,타이벡프린트,420x594,A2 (420 x 594 mm),R-SIZE-1
PRD_000127,타이벡프린트,594x841,A1 (594 x 841 mm),R-SIZE-1
PRD_000128,메쉬프린트,297x420,A3 (297 x 420 mm),R-SIZE-1
PRD_000128,메쉬프린트,420x594,A2 (420 x 594 mm),R-SIZE-1
PRD_000128,메쉬프린트,594x841,A1 (594 x 841 mm),R-SIZE-1
PRD_000129,폼보드,297x420,A3 (297 x 420 mm),R-SIZE-1
PRD_000129,폼보드,420x594,A2 (420 x 594 mm),R-SIZE-1
PRD_000129,폼보드,594x841,A1 (594 x 841 mm),R-SIZE-1
PRD_000130,포맥스보드,297x420,A3 (297 x 420 mm),R-SIZE-1
PRD_000130,포맥스보드,420x594,A2 (420 x 594 mm),R-SIZE-1
PRD_000130,포맥스보드,594x841,A1 (594 x 841 mm),R-SIZE-1
PRD_000131,프레임리스우드액자,297x420,A3 (297 x 420 mm),R-SIZE-1
PRD_000131,프레임리스우드액자,420x594,A2 (420 x 594 mm),R-SIZE-1
PRD_000131,프레임리스우드액자,594x841,A1 (594 x 841 mm),R-SIZE-1
PRD_000132,레더아트액자,5x5,5x5 (127 x 127 mm),R-SIZE-1
PRD_000132,레더아트액자,5x7,5x7 (127 x 178 mm),R-SIZE-1
PRD_000132,레더아트액자,8x8,8x8 (203 x 203 mm),R-SIZE-1
PRD_000132,레더아트액자,8x10,8x10 (203 x 254 mm),R-SIZE-1
PRD_000132,레더아트액자,210x297,A4 (210 x 297 mm),R-SIZE-1
PRD_000132,레더아트액자,297x420,A3 (297 x 420 mm),R-SIZE-1
PRD_000133,캔버스 행잉포스터,210x297,A4 (210 x 297 mm),R-SIZE-1
PRD_000133,캔버스 행잉포스터,297x420,A3 (297 x 420 mm),R-SIZE-1
PRD_000133,캔버스 행잉포스터,420x594,A2 (420 x 594 mm),R-SIZE-1
PRD_000135,족자포스터,297x420,A3 (297 x 420 mm),R-SIZE-1
PRD_000135,족자포스터,420x594,A2 (420 x 594 mm),R-SIZE-1
PRD_000135,족자포스터,594x841,A1 (594 x 841 mm),R-SIZE-1
PRD_000135,족자포스터,300x600,300 x 600mm,R-SIZE-1
PRD_000135,족자포스터,900x1200,900 x 1200mm,R-SIZE-1
PRD_000136,PET배너,600x1800,600x1800mm,R-SIZE-1
PRD_000137,메쉬배너,600x1800,600x1800mm,R-SIZE-1
PRD_000138,일반현수막,5000x900,5000x900mm,R-SIZE-1
PRD_000139,메쉬현수막,900x900,900 x 900mm,R-SIZE-1
PRD_000139,메쉬현수막,900x1200,900 x 1200mm,R-SIZE-1
PRD_000139,메쉬현수막,5000x900,5000 x 900mm,R-SIZE-1
PRD_000140,무광시트커팅,210x297,A4 (210 x 297 mm),R-SIZE-1
PRD_000140,무광시트커팅,297x420,A3 (297 x 420 mm),R-SIZE-1
PRD_000140,무광시트커팅,420x594,A2 (420 x 594 mm),R-SIZE-1
PRD_000141,홀로그램 시트커팅,210x297,A4 (210 x 297 mm),R-SIZE-1
PRD_000141,홀로그램 시트커팅,297x420,A3 (297 x 420 mm),R-SIZE-1
PRD_000141,홀로그램 시트커팅,420x594,A2 (420 x 594 mm),R-SIZE-1
PRD_000142,유광아크릴스티커,290x90,290 x 90 mm,R-SIZE-1
PRD_000142,유광아크릴스티커,290x190,290 x 190 mm,R-SIZE-1
PRD_000142,유광아크릴스티커,390x290,390 x 290 mm,R-SIZE-1
PRD_000142,유광아크릴스티커,590x390,590 x 390 mm,R-SIZE-1
PRD_000143,미러아크릴스티커,290x90,290 x 90 mm,R-SIZE-1
PRD_000143,미러아크릴스티커,290x190,290 x 190 mm,R-SIZE-1
PRD_000143,미러아크릴스티커,390x290,390 x 290 mm,R-SIZE-1
PRD_000143,미러아크릴스티커,590x390,590 x 390 mm,R-SIZE-1
PRD_000144,미니보드스탠딩,148x210,A5 (148 x 210mm),R-SIZE-1
PRD_000144,미니보드스탠딩,210x297,A4 (210 x 297mm),R-SIZE-1
PRD_000144,미니보드스탠딩,297x420,A3 (297 x 420mm),R-SIZE-1
PRD_000145,미니배너,150x300,150 x 300 mm,R-SIZE-1
PRD_000145,미니배너,180x420,180 x 420 mm,R-SIZE-1
PRD_000146,아크릴키링,20x30,20 x 30 mm,R-SIZE-1
PRD_000146,아크릴키링,30x30,30 x 30 mm,R-SIZE-1
PRD_000146,아크릴키링,30x40,30 x 40 mm,R-SIZE-1
PRD_000146,아크릴키링,30x70,30 x 70mm,R-SIZE-1
PRD_000146,아크릴키링,40x40,40 x 40 mm,R-SIZE-1
PRD_000146,아크릴키링,40x50,40 x 50 mm,R-SIZE-1
PRD_000146,아크릴키링,40x60,40 x 60 mm,R-SIZE-1
PRD_000146,아크릴키링,50x50,50 x 50 mm,R-SIZE-1
PRD_000147,아크릴마그넷,20x20,20 x 20 mm,R-SIZE-1
PRD_000147,아크릴마그넷,30x30,30 x 30 mm,R-SIZE-1
PRD_000147,아크릴마그넷,30x40,30 x 40 mm,R-SIZE-1
PRD_000147,아크릴마그넷,40x40,40 x 40 mm,R-SIZE-1
PRD_000147,아크릴마그넷,40x50,40 x 50 mm,R-SIZE-1
PRD_000147,아크릴마그넷,50x50,50 x 50 mm,R-SIZE-1
PRD_000147,아크릴마그넷,60x60,60 x 60 mm,R-SIZE-1
PRD_000148,아크릴뱃지,30x30,30 x 30 mm,R-SIZE-1
PRD_000148,아크릴뱃지,40x40,40 x 40 mm,R-SIZE-1
PRD_000148,아크릴뱃지,50x50,50 x 50 mm,R-SIZE-1
PRD_000149,아크릴집게,30x30,30 x 30 mm,R-SIZE-1
PRD_000149,아크릴집게,40x40,40 x 40 mm,R-SIZE-1
PRD_000149,아크릴집게,50x50,50 x 50 mm,R-SIZE-1
PRD_000150,아크릴스마트톡,50x50,50 x 50 mm,R-SIZE-1
PRD_000150,아크릴스마트톡,60x60,60 x 60 mm,R-SIZE-1
PRD_000150,아크릴스마트톡,70x60,70 x 60 mm,R-SIZE-1
PRD_000151,맥세이프 스마트톡,50x50,50 x 50 mm,R-SIZE-1
PRD_000151,맥세이프 스마트톡,60x60,60 x 60 mm,R-SIZE-1
PRD_000151,맥세이프 스마트톡,70x60,70 x 60 mm,R-SIZE-1
PRD_000152,아크릴명찰,60x20,60 x 20 mm,R-SIZE-1
PRD_000152,아크릴명찰,70x25,70 x 25 mm,R-SIZE-1
PRD_000152,아크릴명찰,80x30,80 x 30 mm,R-SIZE-1
PRD_000153,아크릴명찰(골드실버),60x20,60 x 20 mm,R-SIZE-1
PRD_000153,아크릴명찰(골드실버),70x25,70 x 25 mm,R-SIZE-1
PRD_000153,아크릴명찰(골드실버),80x30,80 x 30 mm,R-SIZE-1
PRD_000154,아크릴 머리끈,20x20,20 x 20 mm,R-SIZE-1
PRD_000154,아크릴 머리끈,30x30,30 x 30 mm,R-SIZE-1
PRD_000154,아크릴 머리끈,40x40,40 x 40 mm,R-SIZE-1
PRD_000155,아크릴볼펜,20x20,20 x 20 mm,R-SIZE-1
PRD_000155,아크릴볼펜,30x30,30 x 30 mm,R-SIZE-1
PRD_000155,아크릴볼펜,40x40,40 x 40 mm,R-SIZE-1
PRD_000156,아크릴지비츠,15x15,15 x 15 mm,R-SIZE-1
PRD_000156,아크릴지비츠,20x20,20 x 20 mm,R-SIZE-1
PRD_000156,아크릴지비츠,25x25,25 x 25 mm,R-SIZE-1
PRD_000156,아크릴지비츠,30x30,30 x 30 mm,R-SIZE-1
PRD_000156,아크릴지비츠,35x35,35 x 35 mm,R-SIZE-1
PRD_000157,아크릴네임택,60x60,60 x 60 mm,R-SIZE-1
PRD_000157,아크릴네임택,55x86,55 x 86 mm,R-SIZE-1
PRD_000158,아크릴 포카키링,55x86,55 x 86 mm,R-SIZE-1
PRD_000159,아크릴 코스터,100x100,100 x 100 mm 원형,R-SIZE-1
PRD_000159,아크릴 코스터,100x100,100 x 100 mm 사각,R-SIZE-1
PRD_000160,아크릴자유형스탠드,120x60,120 x 60 mm,R-SIZE-1
PRD_000160,아크릴자유형스탠드,120x90,120 x 90 mm,R-SIZE-1
PRD_000160,아크릴자유형스탠드,120x120,120 x 120 mm,R-SIZE-1
PRD_000160,아크릴자유형스탠드,120x150,120 x 150 mm,R-SIZE-1
PRD_000160,아크릴자유형스탠드,120x180,120 x 180 mm,R-SIZE-1
PRD_000161,판아크릴,120x120,120 x 120 mm,R-SIZE-1
PRD_000161,판아크릴,120x180,120 x 180 mm,R-SIZE-1
PRD_000162,아크릴포카스탠드,68x103,68 x 103 mm,R-SIZE-1
PRD_000163,아크릴미니파츠,120x50,120 x 50 mm,R-SIZE-1
PRD_000164,아크릴코롯토,30x30,30 x 30 mm,R-SIZE-1
PRD_000164,아크릴코롯토,40x40,40 x 40 mm,R-SIZE-1
PRD_000164,아크릴코롯토,50x50,50 x 50 mm,R-SIZE-1
PRD_000164,아크릴코롯토,60x60,60 x 60 mm,R-SIZE-1
PRD_000164,아크릴코롯토,70x70,70 x 70 mm,R-SIZE-1
PRD_000164,아크릴코롯토,80x80,80 x 80 mm,R-SIZE-1
PRD_000167,아크릴코롯토,30x30,30 x 30 mm,R-SIZE-1
PRD_000167,아크릴코롯토,40x40,40 x 40 mm,R-SIZE-1
PRD_000167,아크릴코롯토,50x50,50 x 50 mm,R-SIZE-1
PRD_000167,아크릴코롯토,60x60,60 x 60 mm,R-SIZE-1
PRD_000167,아크릴코롯토,70x70,70 x 70 mm,R-SIZE-1
PRD_000167,아크릴코롯토,80x80,80 x 80 mm,R-SIZE-1
PRD_000165,포카코롯토,55x86,55 x 86mm,R-SIZE-1
PRD_000166,아크릴카라비너,40x69,40 x 69 mm 자물쇠,R-SIZE-1
PRD_000166,아크릴카라비너,43x71,43 x 71 mm 하트자물쇠,R-SIZE-1
PRD_000166,아크릴카라비너,59x54,59 x 54 mm 하트,R-SIZE-1
PRD_000166,아크릴카라비너,68x70,68 x 70 mm 원형,R-SIZE-1
PRD_000170,아크릴쉐이커★,50x50,50 x 50 mm,R-SIZE-1
PRD_000170,아크릴쉐이커★,60x70,60 x 70 mm,R-SIZE-1
PRD_000170,아크릴쉐이커★,60x80,60 x 80 mm,R-SIZE-1
PRD_000170,아크릴쉐이커★,60x90,60 x 90 mm,R-SIZE-1
PRD_000170,아크릴쉐이커★,60x100,60 x 100 mm,R-SIZE-1
PRD_000170,아크릴쉐이커★,60x110,60 x 110 mm,R-SIZE-1
PRD_000171,지비츠★,15x15,15mm x 15mm,R-SIZE-1
PRD_000171,지비츠★,20x20,20mm x 20mm,R-SIZE-1
PRD_000171,지비츠★,25x25,25mm x 25mm,R-SIZE-1
PRD_000171,지비츠★,30x30,30mm x 30mm,R-SIZE-1
PRD_000172,만년다이어리(소프트커버),130x190,130 x 190 mm,R-SIZE-1
PRD_000173,만년다이어리(하드커버),130x190,130 x 190 mm,R-SIZE-1
PRD_000174,만년다이어리(레더하드커버),130x190,130 x 190 mm,R-SIZE-1
PRD_000175,만년다이어리(레더소프트커버),130x190,130 x 190 mm,R-SIZE-1
PRD_000176,먼슬리플래너,148x210,A5 (148 x 210 mm),R-SIZE-1
PRD_000177,스프링노트,148x210,A5 (148 x 210 mm),R-SIZE-1
PRD_000178,스프링수첩,90x145,90 x 145 mm,R-SIZE-1
PRD_000179,메모패드,144x206,144 x 206 mm,R-SIZE-1
PRD_000179,메모패드,182x257,182 x 257 mm,R-SIZE-1
PRD_000180,메모패드(내지커스텀) 준비중,144x206,144 x 206 mm,R-SIZE-1
PRD_000181,중철노트,105x148,A6 (105 x 148 mm),R-SIZE-1
PRD_000097,떡메모지,90x90,90 x 90 mm,R-SIZE-1
PRD_000097,떡메모지,70x120,70 x 120 mm,R-SIZE-1
PRD_000182,떡메모지,90x90,90 x 90 mm,R-SIZE-1
PRD_000182,떡메모지,70x120,70 x 120 mm,R-SIZE-1
PRD_000186,사각손거울,75x130,S (75x130 mm),R-SIZE-1
PRD_000186,사각손거울,95x166,M (95x166 mm),R-SIZE-1
PRD_000186,사각손거울,120x218,L (120x218 mm),R-SIZE-1
PRD_000187,블랙사각손거울,75x130,S (75x130 mm),R-SIZE-1
PRD_000187,블랙사각손거울,95x166,M (95x166 mm),R-SIZE-1
PRD_000187,블랙사각손거울,120x218,L (120x218 mm),R-SIZE-1
PRD_000197,미니매트,45x45,45 x 45 cm,R-SIZE-1
PRD_000198,피크닉매트,100x70,100x70cm(1인용),R-SIZE-1
PRD_000198,피크닉매트,100x150,100x150cm(2인용),R-SIZE-1
PRD_000202,키캡키링,2x2,2x2구,R-SIZE-1
PRD_000215,클립보드,164x230,A5용 (164 x 230 mm),R-SIZE-1
PRD_000215,클립보드,230x330,A4용 (230 x 330 mm),R-SIZE-1
PRD_000217,만년스탬프,13x13,원형 13x13mm,R-SIZE-1
PRD_000217,만년스탬프,19x19,원형 19x19mm,R-SIZE-1
PRD_000217,만년스탬프,24x24,원형 24x24mm,R-SIZE-1
PRD_000217,만년스탬프,35x35,원형 35x35mm,R-SIZE-1
PRD_000217,만년스탬프,30x30,사각 30x30mm,R-SIZE-1
PRD_000217,만년스탬프,67x32,사각 67x32mm,R-SIZE-1
PRD_000217,만년스탬프,78x28,사각 78x28mm,R-SIZE-1
PRD_000280,레더라벨제작,15x30,레더 15x30mm,R-SIZE-1
PRD_000280,레더라벨제작,20x40,레더 20x40mm,R-SIZE-1
PRD_000280,레더라벨제작,30x50,레더 30x50mm,R-SIZE-1
PRD_000001,OPP접착봉투,70x200,70 x 200 mm (50장),R-SIZE-1
PRD_000001,OPP접착봉투,80x100,80 x 100 mm (50장),R-SIZE-1
PRD_000001,OPP접착봉투,80x120,80 x 120 mm (50장),R-SIZE-1
PRD_000001,OPP접착봉투,80x180,80 x 180 mm (50장),R-SIZE-1
PRD_000001,OPP접착봉투,90x120,90 x 120 mm (50장),R-SIZE-1
PRD_000001,OPP접착봉투,100x100,100 x 100 mm (50장),R-SIZE-1
PRD_000001,OPP접착봉투,100x200,100 x 200 mm (50장),R-SIZE-1
PRD_000001,OPP접착봉투,110x160,110 x 160 mm (50장),R-SIZE-1
PRD_000001,OPP접착봉투,130x200,130 x 200 mm (50장),R-SIZE-1
PRD_000001,OPP접착봉투,160x230,160 x 230 mm (50장),R-SIZE-1
PRD_000001,OPP접착봉투,230x350,230 x 350 mm (50장),R-SIZE-1
PRD_000002,OPP비접착봉투,60x90,60 x 90 mm (20장),R-SIZE-1
PRD_000002,OPP비접착봉투,60x90,60 x 90 mm (50장),R-SIZE-1
PRD_000002,OPP비접착봉투,80x100,80 x 100 mm (50장),R-SIZE-1
PRD_000002,OPP비접착봉투,80x120,80 x 120 mm (50장),R-SIZE-1
PRD_000002,OPP비접착봉투,80x180,80 x 180 mm (50장),R-SIZE-1
PRD_000002,OPP비접착봉투,110x160,110 x 160 mm (50장),R-SIZE-1
PRD_000002,OPP비접착봉투,110x250,110 x 250 mm (50장),R-SIZE-1
PRD_000002,OPP비접착봉투,140x180,140 x 180 mm (50장),R-SIZE-1
PRD_000002,OPP비접착봉투,140x200,140 x 200 mm (50장),R-SIZE-1
PRD_000002,OPP비접착봉투,150x150,150 x 150 mm (50장),R-SIZE-1
PRD_000002,OPP비접착봉투,160x250,160 x 250 mm (50장),R-SIZE-1
PRD_000003,트래싱지 카드봉투,160x110,160 x 110 mm (20장),R-SIZE-1
PRD_000003,트래싱지 카드봉투,160x110,160 x 110 mm (40장),R-SIZE-1
PRD_000003,트래싱지 카드봉투,160x110,160 x 110 mm (100장),R-SIZE-1
PRD_000003,트래싱지 카드봉투,100x100,100 x 100 mm (20장),R-SIZE-1
PRD_000003,트래싱지 카드봉투,100x100,100 x 100 mm (40장),R-SIZE-1
PRD_000003,트래싱지 카드봉투,100x100,100 x 100 mm (100장),R-SIZE-1
PRD_000003,트래싱지 카드봉투,70x100,70 x 100 mm (30장),R-SIZE-1
PRD_000003,트래싱지 카드봉투,70x100,70 x 100 mm (100장),R-SIZE-1
PRD_000004,카드봉투,165x115,화이트 165 x 115 mm (10장),R-SIZE-1
PRD_000004,카드봉투,165x115,블랙 165 x 115 mm (10장),R-SIZE-1
PRD_000005,캘린더봉투,240x230,240 x 230 mm (10장),R-SIZE-1
PRD_000005,캘린더봉투,150x310,150 x 310 mm (10장),R-SIZE-1
PRD_000009,투명케이스,42x57,PP투명케이스 42 x 57 x 20 mm (10개),R-SIZE-1
PRD_000009,투명케이스,75x75,PP투명케이스 75 x 75 x 15 mm (10개),R-SIZE-1
PRD_000009,투명케이스,75x110,PP투명케이스 75 x 110 x 15 mm (10개),R-SIZE-1
PRD_000011,자석고정용고무판,20x20,20 x 20 (20개입),R-SIZE-1
