sheet,row_seq,join_key,_row_hidden,사이즈옵션명,재단사이즈,블리드,작업사이즈,상품,판걸이,디지털인쇄(국4절),디지털인쇄(3절),col_I,인쇄가능영역,원형아이마크영역(완칼),격자아이마크영역(반칼),cell_meta_json
판걸이수,2,73 x 98 mm,false,73 x 98 mm,73x98,1,75x100,엽서,18,316x467,,,사방  5mm제외,,,"{""사이즈옵션명"": {""font_rgb"": ""Values must be of type <class 'str'>""}, ""재단사이즈"": {""font_rgb"": ""Values must be of type <class 'str'>""}, ""상품"": {""font_rgb"": ""Values must be of type <class 'str'>""}, ""판걸이"": {""font_rgb"": ""Values must be of type <class 'str'>""}, ""디지털인쇄(국4절)"": {""font_rgb"": ""Values must be of type <class 'str'>""}, ""디지털인쇄(3절)"": {""font_rgb"": ""Values must be of type <class 'str'>""}, ""col_I"": {""font_rgb"": ""Values must be of type <class 'str'>""}, ""인쇄가능영역"": {""font_rgb"": ""Values must be of type <class 'str'>""}, ""원형아이마크영역(완칼)"": {""font_rgb"": ""Values must be of type <class 'str'>""}, ""격자아이마크영역(반칼)"": {""font_rgb"": ""Values must be of type <class 'str'>""}}"
판걸이수,3,98 x 98 mm,false,98 x 98 mm,98x98,1,100x100,엽서,12,316x467,,,사방  5mm제외,,,"{""사이즈옵션명"": {""font_rgb"": ""Values must be of type <class 'str'>""}, ""재단사이즈"": {""font_rgb"": ""Values must be of type <class 'str'>""}, ""상품"": {""font_rgb"": ""Values must be of type <class 'str'>""}, ""판걸이"": {""font_rgb"": ""Values must be of type <class 'str'>""}, ""디지털인쇄(국4절)"": {""font_rgb"": ""Values must be of type <class 'str'>""}, ""디지털인쇄(3절)"": {""font_rgb"": ""Values must be of type <class 'str'>""}, ""col_I"": {""font_rgb"": ""Values must be of type <class 'str'>""}, ""인쇄가능영역"": {""font_rgb"": ""Values must be of type <class 'str'>""}, ""원형아이마크영역(완칼)"": {""font_rgb"": ""Values must be of type <class 'str'>""}, ""격자아이마크영역(반칼)"": {""font_rgb"": ""Values must be of type <class 'str'>""}}"
판걸이수,4,100 x 150 mm,false,100 x 150 mm,100x150,1,102x152,엽서 / 엽서북내지,8,316x467,,,사방  5mm제외,,,"{""사이즈옵션명"": {""font_rgb"": ""Values must be of type <class 'str'>""}, ""재단사이즈"": {""font_rgb"": ""Values must be of type <class 'str'>""}, ""상품"": {""font_rgb"": ""Values must be of type <class 'str'>""}, ""판걸이"": {""font_rgb"": ""Values must be of type <class 'str'>""}, ""디지털인쇄(국4절)"": {""font_rgb"": ""Values must be of type <class 'str'>""}, ""디지털인쇄(3절)"": {""font_rgb"": ""Values must be of type <class 'str'>""}, ""col_I"": {""font_rgb"": ""Values must be of type <class 'str'>""}, ""인쇄가능영역"": {""font_rgb"": ""Values must be of type <class 'str'>""}, ""원형아이마크영역(완칼)"": {""font_rgb"": ""Values must be of type <class 'str'>""}, ""격자아이마크영역(반칼)"": {""font_rgb"": ""Values must be of type <class 'str'>""}}"
판걸이수,5,135 x 135 mm,false,135 x 135 mm,135x135,1,137x137,엽서 / 엽서북내지,6,316x467,,,사방  5mm제외,,,"{""사이즈옵션명"": {""font_rgb"": ""Values must be of type <class 'str'>""}, ""재단사이즈"": {""font_rgb"": ""Values must be of type <class 'str'>""}, ""상품"": {""font_rgb"": ""Values must be of type <class 'str'>""}, ""판걸이"": {""font_rgb"": ""Values must be of type <class 'str'>""}, ""디지털인쇄(국4절)"": {""font_rgb"": ""Values must be of type <class 'str'>""}, ""디지털인쇄(3절)"": {""font_rgb"": ""Values must be of type <class 'str'>""}, ""col_I"": {""font_rgb"": ""Values must be of type <class 'str'>""}, ""인쇄가능영역"": {""font_rgb"": ""Values must be of type <class 'str'>""}, ""원형아이마크영역(완칼)"": {""font_rgb"": ""Values must be of type <class 'str'>""}, ""격자아이마크영역(반칼)"": {""font_rgb"": ""Values must be of type <class 'str'>""}}"
판걸이수,6,95 x 210 mm,false,95 x 210 mm,95x210,1,97x212,엽서,6,316x467,,,사방  5mm제외,,,"{""사이즈옵션명"": {""font_rgb"": ""Values must be of type <class 'str'>""}, ""재단사이즈"": {""font_rgb"": ""Values must be of type <class 'str'>""}, ""상품"": {""font_rgb"": ""Values must be of type <class 'str'>""}, ""판걸이"": {""font_rgb"": ""Values must be of type <class 'str'>""}, ""디지털인쇄(국4절)"": {""font_rgb"": ""Values must be of type <class 'str'>""}, ""디지털인쇄(3절)"": {""font_rgb"": ""Values must be of type <class 'str'>""}, ""col_I"": {""font_rgb"": ""Values must be of type <class 'str'>""}, ""인쇄가능영역"": {""font_rgb"": ""Values must be of type <class 'str'>""}, ""원형아이마크영역(완칼)"": {""font_rgb"": ""Values must be of type <class 'str'>""}, ""격자아이마크영역(반칼)"": {""font_rgb"": ""Values must be of type <class 'str'>""}}"
판걸이수,7,110 x 170 mm,false,110 x 170 mm,110x170,1,112x172,엽서,4,316x467,,,사방  5mm제외,,,"{""사이즈옵션명"": {""font_rgb"": ""Values must be of type <class 'str'>""}, ""재단사이즈"": {""font_rgb"": ""Values must be of type <class 'str'>""}, ""상품"": {""font_rgb"": ""Values must be of type <class 'str'>""}, ""판걸이"": {""font_rgb"": ""Values must be of type <class 'str'>""}, ""디지털인쇄(국4절)"": {""font_rgb"": ""Values must be of type <class 'str'>""}, ""디지털인쇄(3절)"": {""font_rgb"": ""Values must be of type <class 'str'>""}, ""col_I"": {""font_rgb"": ""Values must be of type <class 'str'>""}, ""인쇄가능영역"": {""font_rgb"": ""Values must be of type <class 'str'>""}, ""원형아이마크영역(완칼)"": {""font_rgb"": ""Values must be of type <class 'str'>""}, ""격자아이마크영역(반칼)"": {""font_rgb"": ""Values must be of type <class 'str'>""}}"
판걸이수,8,148 x 210 mm,false,148 x 210 mm,148x210,1,150x212,엽서,4,316x467,,,사방  5mm제외,,,"{""사이즈옵션명"": {""font_rgb"": ""Values must be of type <class 'str'>""}, ""재단사이즈"": {""font_rgb"": ""Values must be of type <class 'str'>""}, ""상품"": {""font_rgb"": ""Values must be of type <class 'str'>""}, ""판걸이"": {""font_rgb"": ""Values must be of type <class 'str'>""}, ""디지털인쇄(국4절)"": {""font_rgb"": ""Values must be of type <class 'str'>""}, ""디지털인쇄(3절)"": {""font_rgb"": ""Values must be of type <class 'str'>""}, ""col_I"": {""font_rgb"": ""Values must be of type <class 'str'>""}, ""인쇄가능영역"": {""font_rgb"": ""Values must be of type <class 'str'>""}, ""원형아이마크영역(완칼)"": {""font_rgb"": ""Values must be of type <class 'str'>""}, ""격자아이마크영역(반칼)"": {""font_rgb"": ""Values must be of type <class 'str'>""}}"
판걸이수,9,90 x 50 mm,false,90 x 50 mm,90x50,1,92x52,명함,24,316x467,,,사방  5mm제외,,,"{""사이즈옵션명"": {""font_rgb"": ""Values must be of type <class 'str'>""}, ""재단사이즈"": {""font_rgb"": ""Values must be of type <class 'str'>""}, ""상품"": {""font_rgb"": ""Values must be of type <class 'str'>""}, ""판걸이"": {""font_rgb"": ""Values must be of type <class 'str'>""}, ""디지털인쇄(국4절)"": {""font_rgb"": ""Values must be of type <class 'str'>""}, ""디지털인쇄(3절)"": {""font_rgb"": ""Values must be of type <class 'str'>""}, ""col_I"": {""font_rgb"": ""Values must be of type <class 'str'>""}, ""인쇄가능영역"": {""font_rgb"": ""Values must be of type <class 'str'>""}, ""원형아이마크영역(완칼)"": {""font_rgb"": ""Values must be of type <class 'str'>""}, ""격자아이마크영역(반칼)"": {""font_rgb"": ""Values must be of type <class 'str'>""}}"
판걸이수,10,90 x 55 mm,false,90 x 55 mm,90x55,1,92x57,명함,21,316x467,,,사방  5mm제외,,,"{""사이즈옵션명"": {""font_rgb"": ""Values must be of type <class 'str'>""}, ""재단사이즈"": {""font_rgb"": ""Values must be of type <class 'str'>""}, ""상품"": {""font_rgb"": ""Values must be of type <class 'str'>""}, ""판걸이"": {""font_rgb"": ""Values must be of type <class 'str'>""}, ""디지털인쇄(국4절)"": {""font_rgb"": ""Values must be of type <class 'str'>""}, ""디지털인쇄(3절)"": {""font_rgb"": ""Values must be of type <class 'str'>""}, ""col_I"": {""font_rgb"": ""Values must be of type <class 'str'>""}, ""인쇄가능영역"": {""font_rgb"": ""Values must be of type <class 'str'>""}, ""원형아이마크영역(완칼)"": {""font_rgb"": ""Values must be of type <class 'str'>""}, ""격자아이마크영역(반칼)"": {""font_rgb"": ""Values must be of type <class 'str'>""}}"
판걸이수,11,86 x 52 mm,false,86 x 52 mm,86x55,1,88x57,명함,21,316x467,,,사방  5mm제외,,,"{""사이즈옵션명"": {""font_rgb"": ""Values must be of type <class 'str'>""}, ""재단사이즈"": {""font_rgb"": ""Values must be of type <class 'str'>""}, ""상품"": {""font_rgb"": ""Values must be of type <class 'str'>""}, ""판걸이"": {""font_rgb"": ""Values must be of type <class 'str'>""}, ""디지털인쇄(국4절)"": {""font_rgb"": ""Values must be of type <class 'str'>""}, ""디지털인쇄(3절)"": {""font_rgb"": ""Values must be of type <class 'str'>""}, ""col_I"": {""font_rgb"": ""Values must be of type <class 'str'>""}, ""인쇄가능영역"": {""font_rgb"": ""Values must be of type <class 'str'>""}, ""원형아이마크영역(완칼)"": {""font_rgb"": ""Values must be of type <class 'str'>""}, ""격자아이마크영역(반칼)"": {""font_rgb"": ""Values must be of type <class 'str'>""}}"
판걸이수,12,90 x 50 mm,false,90 x 50 mm,90x50,5,100x60,모양명함,18,316x467,,,,"좌,우 6mm 제외
상 13mm 제외
하 16mm 제외",,"{""사이즈옵션명"": {""font_rgb"": ""Values must be of type <class 'str'>""}, ""재단사이즈"": {""font_rgb"": ""Values must be of type <class 'str'>""}, ""상품"": {""font_rgb"": ""Values must be of type <class 'str'>""}, ""판걸이"": {""font_rgb"": ""Values must be of type <class 'str'>""}, ""디지털인쇄(국4절)"": {""font_rgb"": ""Values must be of type <class 'str'>""}, ""디지털인쇄(3절)"": {""font_rgb"": ""Values must be of type <class 'str'>""}, ""col_I"": {""font_rgb"": ""Values must be of type <class 'str'>""}, ""인쇄가능영역"": {""font_rgb"": ""Values must be of type <class 'str'>""}, ""원형아이마크영역(완칼)"": {""font_rgb"": ""Values must be of type <class 'str'>""}, ""격자아이마크영역(반칼)"": {""font_rgb"": ""Values must be of type <class 'str'>""}}"
판걸이수,13,50 x 50 mm,false,50 x 50 mm,50x50,5,60x60,"미니모양명함, 라벨택",35,316x467,,,,"좌,우 6mm 제외
상 13mm 제외
하 16mm 제외",,"{""사이즈옵션명"": {""font_rgb"": ""Values must be of type <class 'str'>""}, ""재단사이즈"": {""font_rgb"": ""Values must be of type <class 'str'>""}, ""상품"": {""font_rgb"": ""Values must be of type <class 'str'>""}, ""판걸이"": {""font_rgb"": ""Values must be of type <class 'str'>""}, ""디지털인쇄(국4절)"": {""font_rgb"": ""Values must be of type <class 'str'>""}, ""디지털인쇄(3절)"": {""font_rgb"": ""Values must be of type <class 'str'>""}, ""col_I"": {""font_rgb"": ""Values must be of type <class 'str'>""}, ""인쇄가능영역"": {""font_rgb"": ""Values must be of type <class 'str'>""}, ""원형아이마크영역(완칼)"": {""font_rgb"": ""Values must be of type <class 'str'>""}, ""격자아이마크영역(반칼)"": {""font_rgb"": ""Values must be of type <class 'str'>""}}"
판걸이수,14,55 x 86 mm,false,55 x 86 mm,55x86,1,57x88,포토카드,21,316x467,,,사방  5mm제외,,,"{""사이즈옵션명"": {""font_rgb"": ""Values must be of type <class 'str'>""}, ""재단사이즈"": {""font_rgb"": ""Values must be of type <class 'str'>""}, ""상품"": {""font_rgb"": ""Values must be of type <class 'str'>""}, ""판걸이"": {""font_rgb"": ""Values must be of type <class 'str'>""}, ""디지털인쇄(국4절)"": {""font_rgb"": ""Values must be of type <class 'str'>""}, ""디지털인쇄(3절)"": {""font_rgb"": ""Values must be of type <class 'str'>""}, ""col_I"": {""font_rgb"": ""Values must be of type <class 'str'>""}, ""인쇄가능영역"": {""font_rgb"": ""Values must be of type <class 'str'>""}, ""원형아이마크영역(완칼)"": {""font_rgb"": ""Values must be of type <class 'str'>""}, ""격자아이마크영역(반칼)"": {""font_rgb"": ""Values must be of type <class 'str'>""}}"
판걸이수,15,148 x 68 mm,false,148 x 68 mm,148x68,2,152x72,상품권,12,316x467,,,사방  5mm제외,,,"{""사이즈옵션명"": {""font_rgb"": ""Values must be of type <class 'str'>""}, ""재단사이즈"": {""font_rgb"": ""Values must be of type <class 'str'>""}, ""작업사이즈"": {""font_rgb"": ""Values must be of type <class 'str'>""}, ""상품"": {""font_rgb"": ""Values must be of type <class 'str'>""}, ""판걸이"": {""font_rgb"": ""Values must be of type <class 'str'>""}, ""디지털인쇄(국4절)"": {""font_rgb"": ""Values must be of type <class 'str'>""}, ""디지털인쇄(3절)"": {""font_rgb"": ""Values must be of type <class 'str'>""}, ""col_I"": {""font_rgb"": ""Values must be of type <class 'str'>""}, ""인쇄가능영역"": {""font_rgb"": ""Values must be of type <class 'str'>""}, ""원형아이마크영역(완칼)"": {""font_rgb"": ""Values must be of type <class 'str'>""}, ""격자아이마크영역(반칼)"": {""font_rgb"": ""Values must be of type <class 'str'>""}}"
판걸이수,16,148 x 75 mm,false,148 x 75 mm,148x75,2,158x77,상품권,6,316x467,,,사방  5mm제외,,,"{""사이즈옵션명"": {""font_rgb"": ""Values must be of type <class 'str'>""}, ""재단사이즈"": {""font_rgb"": ""Values must be of type <class 'str'>""}, ""작업사이즈"": {""font_rgb"": ""Values must be of type <class 'str'>""}, ""상품"": {""font_rgb"": ""Values must be of type <class 'str'>""}, ""판걸이"": {""font_rgb"": ""Values must be of type <class 'str'>""}, ""디지털인쇄(국4절)"": {""font_rgb"": ""Values must be of type <class 'str'>""}, ""디지털인쇄(3절)"": {""font_rgb"": ""Values must be of type <class 'str'>""}, ""col_I"": {""font_rgb"": ""Values must be of type <class 'str'>""}, ""인쇄가능영역"": {""font_rgb"": ""Values must be of type <class 'str'>""}, ""원형아이마크영역(완칼)"": {""font_rgb"": ""Values must be of type <class 'str'>""}, ""격자아이마크영역(반칼)"": {""font_rgb"": ""Values must be of type <class 'str'>""}}"
판걸이수,17,300 x 100 mm,false,300 x 100 mm,300x100,1,302x102,종이슬로건,4,316x467,,,사방  5mm제외,,,"{""사이즈옵션명"": {""font_rgb"": ""Values must be of type <class 'str'>""}, ""재단사이즈"": {""font_rgb"": ""Values must be of type <class 'str'>""}, ""작업사이즈"": {""font_rgb"": ""Values must be of type <class 'str'>""}, ""상품"": {""font_rgb"": ""Values must be of type <class 'str'>""}, ""판걸이"": {""font_rgb"": ""Values must be of type <class 'str'>""}, ""디지털인쇄(국4절)"": {""font_rgb"": ""Values must be of type <class 'str'>""}, ""디지털인쇄(3절)"": {""font_rgb"": ""Values must be of type <class 'str'>""}, ""col_I"": {""font_rgb"": ""Values must be of type <class 'str'>""}, ""인쇄가능영역"": {""font_rgb"": ""Values must be of type <class 'str'>""}, ""원형아이마크영역(완칼)"": {""font_rgb"": ""Values must be of type <class 'str'>""}, ""격자아이마크영역(반칼)"": {""font_rgb"": ""Values must be of type <class 'str'>""}}"
판걸이수,18,400 x 145 mm,false,400 x 145 mm,400x145,1,402x147,종이슬로건,2,316x467,,,사방  5mm제외,,,"{""사이즈옵션명"": {""font_rgb"": ""Values must be of type <class 'str'>""}, ""재단사이즈"": {""font_rgb"": ""Values must be of type <class 'str'>""}, ""작업사이즈"": {""font_rgb"": ""Values must be of type <class 'str'>""}, ""상품"": {""font_rgb"": ""Values must be of type <class 'str'>""}, ""판걸이"": {""font_rgb"": ""Values must be of type <class 'str'>""}, ""디지털인쇄(국4절)"": {""font_rgb"": ""Values must be of type <class 'str'>""}, ""디지털인쇄(3절)"": {""font_rgb"": ""Values must be of type <class 'str'>""}, ""col_I"": {""font_rgb"": ""Values must be of type <class 'str'>""}, ""인쇄가능영역"": {""font_rgb"": ""Values must be of type <class 'str'>""}, ""원형아이마크영역(완칼)"": {""font_rgb"": ""Values must be of type <class 'str'>""}, ""격자아이마크영역(반칼)"": {""font_rgb"": ""Values must be of type <class 'str'>""}}"
판걸이수,19,50x90 mm - 2단세로접지,false,50x90 mm - 2단세로접지,100x90,1,102x92,미니접지카드,12,316x467,,,사방  5mm제외,,,"{""사이즈옵션명"": {""font_rgb"": ""Values must be of type <class 'str'>""}, ""재단사이즈"": {""font_rgb"": ""Values must be of type <class 'str'>""}, ""상품"": {""font_rgb"": ""Values must be of type <class 'str'>""}, ""판걸이"": {""font_rgb"": ""Values must be of type <class 'str'>""}, ""디지털인쇄(국4절)"": {""font_rgb"": ""Values must be of type <class 'str'>""}, ""디지털인쇄(3절)"": {""font_rgb"": ""Values must be of type <class 'str'>""}, ""col_I"": {""font_rgb"": ""Values must be of type <class 'str'>""}, ""인쇄가능영역"": {""font_rgb"": ""Values must be of type <class 'str'>""}, ""원형아이마크영역(완칼)"": {""font_rgb"": ""Values must be of type <class 'str'>""}, ""격자아이마크영역(반칼)"": {""font_rgb"": ""Values must be of type <class 'str'>""}}"
판걸이수,20,90x50 mm - 2단가로접지,false,90x50 mm - 2단가로접지,90x100,1,92x102,미니접지카드,12,316x467,,,사방  5mm제외,,,"{""사이즈옵션명"": {""font_rgb"": ""Values must be of type <class 'str'>""}, ""재단사이즈"": {""font_rgb"": ""Values must be of type <class 'str'>""}, ""상품"": {""font_rgb"": ""Values must be of type <class 'str'>""}, ""판걸이"": {""font_rgb"": ""Values must be of type <class 'str'>""}, ""디지털인쇄(국4절)"": {""font_rgb"": ""Values must be of type <class 'str'>""}, ""디지털인쇄(3절)"": {""font_rgb"": ""Values must be of type <class 'str'>""}, ""col_I"": {""font_rgb"": ""Values must be of type <class 'str'>""}, ""인쇄가능영역"": {""font_rgb"": ""Values must be of type <class 'str'>""}, ""원형아이마크영역(완칼)"": {""font_rgb"": ""Values must be of type <class 'str'>""}, ""격자아이마크영역(반칼)"": {""font_rgb"": ""Values must be of type <class 'str'>""}}"
판걸이수,21,52x86 mm - 2단세로접지,false,52x86 mm - 2단세로접지,104x86,1,106x88,미니접지카드,12,316x467,,,사방  5mm제외,,,"{""사이즈옵션명"": {""font_rgb"": ""Values must be of type <class 'str'>""}, ""재단사이즈"": {""font_rgb"": ""Values must be of type <class 'str'>""}, ""상품"": {""font_rgb"": ""Values must be of type <class 'str'>""}, ""판걸이"": {""font_rgb"": ""Values must be of type <class 'str'>""}, ""디지털인쇄(국4절)"": {""font_rgb"": ""Values must be of type <class 'str'>""}, ""디지털인쇄(3절)"": {""font_rgb"": ""Values must be of type <class 'str'>""}, ""col_I"": {""font_rgb"": ""Values must be of type <class 'str'>""}, ""인쇄가능영역"": {""font_rgb"": ""Values must be of type <class 'str'>""}, ""원형아이마크영역(완칼)"": {""font_rgb"": ""Values must be of type <class 'str'>""}, ""격자아이마크영역(반칼)"": {""font_rgb"": ""Values must be of type <class 'str'>""}}"
판걸이수,22,85x52 mm - 2단가로접지,false,85x52 mm - 2단가로접지,86x104,1,88x106,미니접지카드,12,316x467,,,사방  5mm제외,,,"{""사이즈옵션명"": {""font_rgb"": ""Values must be of type <class 'str'>""}, ""재단사이즈"": {""font_rgb"": ""Values must be of type <class 'str'>""}, ""상품"": {""font_rgb"": ""Values must be of type <class 'str'>""}, ""판걸이"": {""font_rgb"": ""Values must be of type <class 'str'>""}, ""디지털인쇄(국4절)"": {""font_rgb"": ""Values must be of type <class 'str'>""}, ""디지털인쇄(3절)"": {""font_rgb"": ""Values must be of type <class 'str'>""}, ""col_I"": {""font_rgb"": ""Values must be of type <class 'str'>""}, ""인쇄가능영역"": {""font_rgb"": ""Values must be of type <class 'str'>""}, ""원형아이마크영역(완칼)"": {""font_rgb"": ""Values must be of type <class 'str'>""}, ""격자아이마크영역(반칼)"": {""font_rgb"": ""Values must be of type <class 'str'>""}}"
판걸이수,23,100x150 mm - 2단세로접지,false,100x150 mm - 2단세로접지,200x150,1,202x152,2단접지카드,4,316x467,,,사방  5mm제외,,,"{""사이즈옵션명"": {""font_rgb"": ""Values must be of type <class 'str'>""}, ""재단사이즈"": {""font_rgb"": ""Values must be of type <class 'str'>""}, ""상품"": {""font_rgb"": ""Values must be of type <class 'str'>""}, ""판걸이"": {""font_rgb"": ""Values must be of type <class 'str'>""}, ""디지털인쇄(국4절)"": {""font_rgb"": ""Values must be of type <class 'str'>""}, ""디지털인쇄(3절)"": {""font_rgb"": ""Values must be of type <class 'str'>""}, ""col_I"": {""font_rgb"": ""Values must be of type <class 'str'>""}, ""인쇄가능영역"": {""font_rgb"": ""Values must be of type <class 'str'>""}, ""원형아이마크영역(완칼)"": {""font_rgb"": ""Values must be of type <class 'str'>""}, ""격자아이마크영역(반칼)"": {""font_rgb"": ""Values must be of type <class 'str'>""}}"
판걸이수,24,150x100 mm - 2단가로접지,false,150x100 mm - 2단가로접지,150x200,1,152x202,2단접지카드,4,316x467,,,사방  5mm제외,,,"{""사이즈옵션명"": {""font_rgb"": ""Values must be of type <class 'str'>""}, ""재단사이즈"": {""font_rgb"": ""Values must be of type <class 'str'>""}, ""상품"": {""font_rgb"": ""Values must be of type <class 'str'>""}, ""판걸이"": {""font_rgb"": ""Values must be of type <class 'str'>""}, ""디지털인쇄(국4절)"": {""font_rgb"": ""Values must be of type <class 'str'>""}, ""디지털인쇄(3절)"": {""font_rgb"": ""Values must be of type <class 'str'>""}, ""col_I"": {""font_rgb"": ""Values must be of type <class 'str'>""}, ""인쇄가능영역"": {""font_rgb"": ""Values must be of type <class 'str'>""}, ""원형아이마크영역(완칼)"": {""font_rgb"": ""Values must be of type <class 'str'>""}, ""격자아이마크영역(반칼)"": {""font_rgb"": ""Values must be of type <class 'str'>""}}"
판걸이수,25,135x135mm - 2단세로접지,false,135x135mm - 2단세로접지,274x139,2,274 x 139,2단접지카드,3,316x467,,,사방  5mm제외,,,"{""사이즈옵션명"": {""font_rgb"": ""Values must be of type <class 'str'>""}, ""재단사이즈"": {""font_rgb"": ""Values must be of type <class 'str'>""}, ""상품"": {""font_rgb"": ""Values must be of type <class 'str'>""}, ""판걸이"": {""font_rgb"": ""Values must be of type <class 'str'>""}, ""디지털인쇄(국4절)"": {""font_rgb"": ""Values must be of type <class 'str'>""}, ""디지털인쇄(3절)"": {""font_rgb"": ""Values must be of type <class 'str'>""}, ""col_I"": {""font_rgb"": ""Values must be of type <class 'str'>""}, ""인쇄가능영역"": {""font_rgb"": ""Values must be of type <class 'str'>""}, ""원형아이마크영역(완칼)"": {""font_rgb"": ""Values must be of type <class 'str'>""}, ""격자아이마크영역(반칼)"": {""font_rgb"": ""Values must be of type <class 'str'>""}}"
판걸이수,26,135x135mm - 2단가로접지,false,135x135mm - 2단가로접지,139x274,2,139 x 274,2단접지카드,3,316x467,,,사방  5mm제외,,,"{""사이즈옵션명"": {""font_rgb"": ""Values must be of type <class 'str'>""}, ""재단사이즈"": {""font_rgb"": ""Values must be of type <class 'str'>""}, ""상품"": {""font_rgb"": ""Values must be of type <class 'str'>""}, ""판걸이"": {""font_rgb"": ""Values must be of type <class 'str'>""}, ""디지털인쇄(국4절)"": {""font_rgb"": ""Values must be of type <class 'str'>""}, ""디지털인쇄(3절)"": {""font_rgb"": ""Values must be of type <class 'str'>""}, ""col_I"": {""font_rgb"": ""Values must be of type <class 'str'>""}, ""인쇄가능영역"": {""font_rgb"": ""Values must be of type <class 'str'>""}, ""원형아이마크영역(완칼)"": {""font_rgb"": ""Values must be of type <class 'str'>""}, ""격자아이마크영역(반칼)"": {""font_rgb"": ""Values must be of type <class 'str'>""}}"
판걸이수,27,110x170mm- 2단세로접지,false,110x170mm- 2단세로접지,220x170,2,224x174,2단접지카드,2,316x467,,,사방  5mm제외,,,"{""사이즈옵션명"": {""font_rgb"": ""Values must be of type <class 'str'>""}, ""재단사이즈"": {""font_rgb"": ""Values must be of type <class 'str'>""}, ""상품"": {""font_rgb"": ""Values must be of type <class 'str'>""}, ""판걸이"": {""font_rgb"": ""Values must be of type <class 'str'>""}, ""디지털인쇄(국4절)"": {""font_rgb"": ""Values must be of type <class 'str'>""}, ""디지털인쇄(3절)"": {""font_rgb"": ""Values must be of type <class 'str'>""}, ""col_I"": {""font_rgb"": ""Values must be of type <class 'str'>""}, ""인쇄가능영역"": {""font_rgb"": ""Values must be of type <class 'str'>""}, ""원형아이마크영역(완칼)"": {""font_rgb"": ""Values must be of type <class 'str'>""}, ""격자아이마크영역(반칼)"": {""font_rgb"": ""Values must be of type <class 'str'>""}}"
판걸이수,28,170x110mm- 2단가로접지,false,170x110mm- 2단가로접지,170x220,2,174x224,2단접지카드,2,316x467,,,사방  5mm제외,,,"{""사이즈옵션명"": {""font_rgb"": ""Values must be of type <class 'str'>""}, ""재단사이즈"": {""font_rgb"": ""Values must be of type <class 'str'>""}, ""상품"": {""font_rgb"": ""Values must be of type <class 'str'>""}, ""판걸이"": {""font_rgb"": ""Values must be of type <class 'str'>""}, ""디지털인쇄(국4절)"": {""font_rgb"": ""Values must be of type <class 'str'>""}, ""디지털인쇄(3절)"": {""font_rgb"": ""Values must be of type <class 'str'>""}, ""col_I"": {""font_rgb"": ""Values must be of type <class 'str'>""}, ""인쇄가능영역"": {""font_rgb"": ""Values must be of type <class 'str'>""}, ""원형아이마크영역(완칼)"": {""font_rgb"": ""Values must be of type <class 'str'>""}, ""격자아이마크영역(반칼)"": {""font_rgb"": ""Values must be of type <class 'str'>""}}"
판걸이수,29,100x150 mm - 3단세로접지,false,100x150 mm - 3단세로접지,300x150,1,302x152,3단접지카드,3,316x467,,,사방  5mm제외,,,"{""사이즈옵션명"": {""font_rgb"": ""Values must be of type <class 'str'>""}, ""재단사이즈"": {""font_rgb"": ""Values must be of type <class 'str'>""}, ""상품"": {""font_rgb"": ""Values must be of type <class 'str'>""}, ""판걸이"": {""font_rgb"": ""Values must be of type <class 'str'>""}, ""디지털인쇄(국4절)"": {""font_rgb"": ""Values must be of type <class 'str'>""}, ""디지털인쇄(3절)"": {""font_rgb"": ""Values must be of type <class 'str'>""}, ""col_I"": {""font_rgb"": ""Values must be of type <class 'str'>""}, ""인쇄가능영역"": {""font_rgb"": ""Values must be of type <class 'str'>""}, ""원형아이마크영역(완칼)"": {""font_rgb"": ""Values must be of type <class 'str'>""}, ""격자아이마크영역(반칼)"": {""font_rgb"": ""Values must be of type <class 'str'>""}}"
판걸이수,30,150x100 mm - 3단가로접지,false,150x100 mm - 3단가로접지,150x300,1,152x302,3단접지카드,3,316x467,,,사방  5mm제외,,,"{""사이즈옵션명"": {""font_rgb"": ""Values must be of type <class 'str'>""}, ""재단사이즈"": {""font_rgb"": ""Values must be of type <class 'str'>""}, ""상품"": {""font_rgb"": ""Values must be of type <class 'str'>""}, ""판걸이"": {""font_rgb"": ""Values must be of type <class 'str'>""}, ""디지털인쇄(국4절)"": {""font_rgb"": ""Values must be of type <class 'str'>""}, ""디지털인쇄(3절)"": {""font_rgb"": ""Values must be of type <class 'str'>""}, ""col_I"": {""font_rgb"": ""Values must be of type <class 'str'>""}, ""인쇄가능영역"": {""font_rgb"": ""Values must be of type <class 'str'>""}, ""원형아이마크영역(완칼)"": {""font_rgb"": ""Values must be of type <class 'str'>""}, ""격자아이마크영역(반칼)"": {""font_rgb"": ""Values must be of type <class 'str'>""}}"
판걸이수,31,135x135mm - 3단세로접지,false,135x135mm - 3단세로접지,403x135,2,407x139,3단접지카드,1,316x467,,,사방  5mm제외,,,"{""사이즈옵션명"": {""font_rgb"": ""Values must be of type <class 'str'>""}, ""재단사이즈"": {""font_rgb"": ""Values must be of type <class 'str'>""}, ""상품"": {""font_rgb"": ""Values must be of type <class 'str'>""}, ""판걸이"": {""font_rgb"": ""Values must be of type <class 'str'>""}, ""디지털인쇄(국4절)"": {""font_rgb"": ""Values must be of type <class 'str'>""}, ""디지털인쇄(3절)"": {""font_rgb"": ""Values must be of type <class 'str'>""}, ""col_I"": {""font_rgb"": ""Values must be of type <class 'str'>""}, ""인쇄가능영역"": {""font_rgb"": ""Values must be of type <class 'str'>""}, ""원형아이마크영역(완칼)"": {""font_rgb"": ""Values must be of type <class 'str'>""}, ""격자아이마크영역(반칼)"": {""font_rgb"": ""Values must be of type <class 'str'>""}}"
판걸이수,32,135x135mm - 3단가로접지,false,135x135mm - 3단가로접지,135x403,2,139x407,3단접지카드,1,316x467,,,사방  5mm제외,,,"{""사이즈옵션명"": {""font_rgb"": ""Values must be of type <class 'str'>""}, ""재단사이즈"": {""font_rgb"": ""Values must be of type <class 'str'>""}, ""상품"": {""font_rgb"": ""Values must be of type <class 'str'>""}, ""판걸이"": {""font_rgb"": ""Values must be of type <class 'str'>""}, ""디지털인쇄(국4절)"": {""font_rgb"": ""Values must be of type <class 'str'>""}, ""디지털인쇄(3절)"": {""font_rgb"": ""Values must be of type <class 'str'>""}, ""col_I"": {""font_rgb"": ""Values must be of type <class 'str'>""}, ""인쇄가능영역"": {""font_rgb"": ""Values must be of type <class 'str'>""}, ""원형아이마크영역(완칼)"": {""font_rgb"": ""Values must be of type <class 'str'>""}, ""격자아이마크영역(반칼)"": {""font_rgb"": ""Values must be of type <class 'str'>""}}"
판걸이수,33,600 x 150 mm,false,600 x 150 mm,600x150,2,604x154,지그재그카드,2,,330x660,,사방  5mm제외,,,"{""사이즈옵션명"": {""font_rgb"": ""Values must be of type <class 'str'>""}, ""재단사이즈"": {""font_rgb"": ""Values must be of type <class 'str'>""}, ""상품"": {""font_rgb"": ""Values must be of type <class 'str'>""}, ""판걸이"": {""font_rgb"": ""Values must be of type <class 'str'>""}, ""디지털인쇄(국4절)"": {""font_rgb"": ""Values must be of type <class 'str'>""}, ""디지털인쇄(3절)"": {""font_rgb"": ""Values must be of type <class 'str'>""}, ""col_I"": {""font_rgb"": ""Values must be of type <class 'str'>""}, ""인쇄가능영역"": {""font_rgb"": ""Values must be of type <class 'str'>""}, ""원형아이마크영역(완칼)"": {""font_rgb"": ""Values must be of type <class 'str'>""}, ""격자아이마크영역(반칼)"": {""font_rgb"": ""Values must be of type <class 'str'>""}}"
판걸이수,34,150 x 600 mm,false,150 x 600 mm,150x600,2,154x604,지그재그카드,2,,330x660,,사방  5mm제외,,,"{""사이즈옵션명"": {""font_rgb"": ""Values must be of type <class 'str'>""}, ""재단사이즈"": {""font_rgb"": ""Values must be of type <class 'str'>""}, ""상품"": {""font_rgb"": ""Values must be of type <class 'str'>""}, ""판걸이"": {""font_rgb"": ""Values must be of type <class 'str'>""}, ""디지털인쇄(국4절)"": {""font_rgb"": ""Values must be of type <class 'str'>""}, ""디지털인쇄(3절)"": {""font_rgb"": ""Values must be of type <class 'str'>""}, ""col_I"": {""font_rgb"": ""Values must be of type <class 'str'>""}, ""인쇄가능영역"": {""font_rgb"": ""Values must be of type <class 'str'>""}, ""원형아이마크영역(완칼)"": {""font_rgb"": ""Values must be of type <class 'str'>""}, ""격자아이마크영역(반칼)"": {""font_rgb"": ""Values must be of type <class 'str'>""}}"
판걸이수,35,76 x 100 mm - 기본형,false,76 x 100 mm - 기본형,76x100,2,80x104,인쇄배경지,12,316x467,,,사방  5mm제외,, ,"{""사이즈옵션명"": {""font_rgb"": ""Values must be of type <class 'str'>""}, ""재단사이즈"": {""font_rgb"": ""Values must be of type <class 'str'>""}, ""상품"": {""font_rgb"": ""Values must be of type <class 'str'>""}, ""판걸이"": {""font_rgb"": ""Values must be of type <class 'str'>""}, ""디지털인쇄(국4절)"": {""font_rgb"": ""Values must be of type <class 'str'>""}, ""디지털인쇄(3절)"": {""font_rgb"": ""Values must be of type <class 'str'>""}, ""col_I"": {""font_rgb"": ""Values must be of type <class 'str'>""}, ""인쇄가능영역"": {""font_rgb"": ""Values must be of type <class 'str'>""}, ""원형아이마크영역(완칼)"": {""font_rgb"": ""Values must be of type <class 'str'>""}, ""격자아이마크영역(반칼)"": {""font_rgb"": ""Values must be of type <class 'str'>""}}"
판걸이수,36,76 x 100 mm - 커팅형,false,76 x 100 mm - 커팅형,76x100,5,86x110,인쇄배경지,9,316x467,,,,"좌,우 6mm 제외
상 13mm 제외
하 16mm 제외",,"{""사이즈옵션명"": {""font_rgb"": ""Values must be of type <class 'str'>""}, ""재단사이즈"": {""font_rgb"": ""Values must be of type <class 'str'>""}, ""상품"": {""font_rgb"": ""Values must be of type <class 'str'>""}, ""판걸이"": {""font_rgb"": ""Values must be of type <class 'str'>""}, ""디지털인쇄(국4절)"": {""font_rgb"": ""Values must be of type <class 'str'>""}, ""디지털인쇄(3절)"": {""font_rgb"": ""Values must be of type <class 'str'>""}, ""col_I"": {""font_rgb"": ""Values must be of type <class 'str'>""}, ""인쇄가능영역"": {""font_rgb"": ""Values must be of type <class 'str'>""}, ""원형아이마크영역(완칼)"": {""font_rgb"": ""Values must be of type <class 'str'>""}, ""격자아이마크영역(반칼)"": {""font_rgb"": ""Values must be of type <class 'str'>""}}"
판걸이수,37,76 x 120 mm - 기본형,false,76 x 120 mm - 기본형,76x120,2,80x124,인쇄배경지,9,316x467,,,사방  5mm제외,,,"{""사이즈옵션명"": {""font_rgb"": ""Values must be of type <class 'str'>""}, ""재단사이즈"": {""font_rgb"": ""Values must be of type <class 'str'>""}, ""블리드"": {""font_rgb"": ""Values must be of type <class 'str'>""}, ""작업사이즈"": {""font_rgb"": ""Values must be of type <class 'str'>""}, ""상품"": {""font_rgb"": ""Values must be of type <class 'str'>""}, ""판걸이"": {""font_rgb"": ""Values must be of type <class 'str'>""}, ""디지털인쇄(국4절)"": {""font_rgb"": ""Values must be of type <class 'str'>""}, ""디지털인쇄(3절)"": {""font_rgb"": ""Values must be of type <class 'str'>""}, ""col_I"": {""font_rgb"": ""Values must be of type <class 'str'>""}, ""인쇄가능영역"": {""font_rgb"": ""Values must be of type <class 'str'>""}, ""원형아이마크영역(완칼)"": {""font_rgb"": ""Values must be of type <class 'str'>""}, ""격자아이마크영역(반칼)"": {""font_rgb"": ""Values must be of type <class 'str'>""}}"
판걸이수,38,76 x 120 mm - 커팅형,false,76 x 120 mm - 커팅형,76x120,5,86x130,인쇄배경지,9,316x467,,,,"좌,우 6mm 제외
상 13mm 제외
하 16mm 제외",,"{""사이즈옵션명"": {""font_rgb"": ""Values must be of type <class 'str'>""}, ""재단사이즈"": {""font_rgb"": ""Values must be of type <class 'str'>""}, ""블리드"": {""font_rgb"": ""Values must be of type <class 'str'>""}, ""작업사이즈"": {""font_rgb"": ""Values must be of type <class 'str'>""}, ""상품"": {""font_rgb"": ""Values must be of type <class 'str'>""}, ""판걸이"": {""font_rgb"": ""Values must be of type <class 'str'>""}, ""디지털인쇄(국4절)"": {""font_rgb"": ""Values must be of type <class 'str'>""}, ""디지털인쇄(3절)"": {""font_rgb"": ""Values must be of type <class 'str'>""}, ""col_I"": {""font_rgb"": ""Values must be of type <class 'str'>""}, ""인쇄가능영역"": {""font_rgb"": ""Values must be of type <class 'str'>""}, ""원형아이마크영역(완칼)"": {""font_rgb"": ""Values must be of type <class 'str'>""}, ""격자아이마크영역(반칼)"": {""font_rgb"": ""Values must be of type <class 'str'>""}}"
판걸이수,39,86 x 120 mm - 기본형,false,86 x 120 mm - 기본형,86x120,2,90x124,인쇄배경지,9,316x467,,,사방  5mm제외,,,"{""사이즈옵션명"": {""font_rgb"": ""Values must be of type <class 'str'>""}, ""재단사이즈"": {""font_rgb"": ""Values must be of type <class 'str'>""}, ""블리드"": {""font_rgb"": ""Values must be of type <class 'str'>""}, ""작업사이즈"": {""font_rgb"": ""Values must be of type <class 'str'>""}, ""상품"": {""font_rgb"": ""Values must be of type <class 'str'>""}, ""판걸이"": {""font_rgb"": ""Values must be of type <class 'str'>""}, ""디지털인쇄(국4절)"": {""font_rgb"": ""Values must be of type <class 'str'>""}, ""디지털인쇄(3절)"": {""font_rgb"": ""Values must be of type <class 'str'>""}, ""col_I"": {""font_rgb"": ""Values must be of type <class 'str'>""}, ""인쇄가능영역"": {""font_rgb"": ""Values must be of type <class 'str'>""}, ""원형아이마크영역(완칼)"": {""font_rgb"": ""Values must be of type <class 'str'>""}, ""격자아이마크영역(반칼)"": {""font_rgb"": ""Values must be of type <class 'str'>""}}"
판걸이수,40,86 x 120 mm - 커팅형,false,86 x 120 mm - 커팅형,86x120,5,96x130,인쇄배경지,9,316x467,,,,"좌,우 6mm 제외
상 13mm 제외
하 16mm 제외",,"{""사이즈옵션명"": {""font_rgb"": ""Values must be of type <class 'str'>""}, ""재단사이즈"": {""font_rgb"": ""Values must be of type <class 'str'>""}, ""블리드"": {""font_rgb"": ""Values must be of type <class 'str'>""}, ""작업사이즈"": {""font_rgb"": ""Values must be of type <class 'str'>""}, ""상품"": {""font_rgb"": ""Values must be of type <class 'str'>""}, ""판걸이"": {""font_rgb"": ""Values must be of type <class 'str'>""}, ""디지털인쇄(국4절)"": {""font_rgb"": ""Values must be of type <class 'str'>""}, ""디지털인쇄(3절)"": {""font_rgb"": ""Values must be of type <class 'str'>""}, ""col_I"": {""font_rgb"": ""Values must be of type <class 'str'>""}, ""인쇄가능영역"": {""font_rgb"": ""Values must be of type <class 'str'>""}, ""원형아이마크영역(완칼)"": {""font_rgb"": ""Values must be of type <class 'str'>""}, ""격자아이마크영역(반칼)"": {""font_rgb"": ""Values must be of type <class 'str'>""}}"
판걸이수,41,94 x 94 mm - 기본형,false,94 x 94 mm - 기본형,94x94,2,98x98,인쇄배경지,12,316x467,,,사방  5mm제외,,,"{""사이즈옵션명"": {""font_rgb"": ""Values must be of type <class 'str'>""}, ""재단사이즈"": {""font_rgb"": ""Values must be of type <class 'str'>""}, ""블리드"": {""font_rgb"": ""Values must be of type <class 'str'>""}, ""작업사이즈"": {""font_rgb"": ""Values must be of type <class 'str'>""}, ""상품"": {""font_rgb"": ""Values must be of type <class 'str'>""}, ""판걸이"": {""font_rgb"": ""Values must be of type <class 'str'>""}, ""디지털인쇄(국4절)"": {""font_rgb"": ""Values must be of type <class 'str'>""}, ""디지털인쇄(3절)"": {""font_rgb"": ""Values must be of type <class 'str'>""}, ""col_I"": {""font_rgb"": ""Values must be of type <class 'str'>""}, ""인쇄가능영역"": {""font_rgb"": ""Values must be of type <class 'str'>""}, ""원형아이마크영역(완칼)"": {""font_rgb"": ""Values must be of type <class 'str'>""}, ""격자아이마크영역(반칼)"": {""font_rgb"": ""Values must be of type <class 'str'>""}}"
판걸이수,42,94 x 94 mm - 커팅형,false,94 x 94 mm - 커팅형,94x94,5,104x104,인쇄배경지,8,316x467,,,,"좌,우 6mm 제외
상 13mm 제외
하 16mm 제외",,"{""사이즈옵션명"": {""font_rgb"": ""Values must be of type <class 'str'>""}, ""재단사이즈"": {""font_rgb"": ""Values must be of type <class 'str'>""}, ""블리드"": {""font_rgb"": ""Values must be of type <class 'str'>""}, ""작업사이즈"": {""font_rgb"": ""Values must be of type <class 'str'>""}, ""상품"": {""font_rgb"": ""Values must be of type <class 'str'>""}, ""판걸이"": {""font_rgb"": ""Values must be of type <class 'str'>""}, ""디지털인쇄(국4절)"": {""font_rgb"": ""Values must be of type <class 'str'>""}, ""디지털인쇄(3절)"": {""font_rgb"": ""Values must be of type <class 'str'>""}, ""col_I"": {""font_rgb"": ""Values must be of type <class 'str'>""}, ""인쇄가능영역"": {""font_rgb"": ""Values must be of type <class 'str'>""}, ""원형아이마크영역(완칼)"": {""font_rgb"": ""Values must be of type <class 'str'>""}, ""격자아이마크영역(반칼)"": {""font_rgb"": ""Values must be of type <class 'str'>""}}"
판걸이수,43,62 x 180 mm - 기본형,false,62 x 180 mm - 기본형,62x180,2,66x184,인쇄배경지,8,316x467,,,사방  5mm제외,,,"{""사이즈옵션명"": {""font_rgb"": ""Values must be of type <class 'str'>""}, ""재단사이즈"": {""font_rgb"": ""Values must be of type <class 'str'>""}, ""블리드"": {""font_rgb"": ""Values must be of type <class 'str'>""}, ""작업사이즈"": {""font_rgb"": ""Values must be of type <class 'str'>""}, ""상품"": {""font_rgb"": ""Values must be of type <class 'str'>""}, ""판걸이"": {""font_rgb"": ""Values must be of type <class 'str'>""}, ""디지털인쇄(국4절)"": {""font_rgb"": ""Values must be of type <class 'str'>""}, ""디지털인쇄(3절)"": {""font_rgb"": ""Values must be of type <class 'str'>""}, ""col_I"": {""font_rgb"": ""Values must be of type <class 'str'>""}, ""인쇄가능영역"": {""font_rgb"": ""Values must be of type <class 'str'>""}, ""원형아이마크영역(완칼)"": {""font_rgb"": ""Values must be of type <class 'str'>""}, ""격자아이마크영역(반칼)"": {""font_rgb"": ""Values must be of type <class 'str'>""}}"
판걸이수,44,62 x 180 mm - 커팅형,false,62 x 180 mm - 커팅형,62x180,5,72x190,인쇄배경지,8,316x467,,,,"좌,우 6mm 제외
상 13mm 제외
하 16mm 제외",,"{""사이즈옵션명"": {""font_rgb"": ""Values must be of type <class 'str'>""}, ""재단사이즈"": {""font_rgb"": ""Values must be of type <class 'str'>""}, ""블리드"": {""font_rgb"": ""Values must be of type <class 'str'>""}, ""작업사이즈"": {""font_rgb"": ""Values must be of type <class 'str'>""}, ""상품"": {""font_rgb"": ""Values must be of type <class 'str'>""}, ""판걸이"": {""font_rgb"": ""Values must be of type <class 'str'>""}, ""디지털인쇄(국4절)"": {""font_rgb"": ""Values must be of type <class 'str'>""}, ""디지털인쇄(3절)"": {""font_rgb"": ""Values must be of type <class 'str'>""}, ""col_I"": {""font_rgb"": ""Values must be of type <class 'str'>""}, ""인쇄가능영역"": {""font_rgb"": ""Values must be of type <class 'str'>""}, ""원형아이마크영역(완칼)"": {""font_rgb"": ""Values must be of type <class 'str'>""}, ""격자아이마크영역(반칼)"": {""font_rgb"": ""Values must be of type <class 'str'>""}}"
판걸이수,45,105 x 160 mm - 기본형,false,105 x 160 mm - 기본형,105x160,2,109x164,인쇄배경지,4,316x467,,,사방  5mm제외,,,"{""사이즈옵션명"": {""font_rgb"": ""Values must be of type <class 'str'>""}, ""재단사이즈"": {""font_rgb"": ""Values must be of type <class 'str'>""}, ""블리드"": {""font_rgb"": ""Values must be of type <class 'str'>""}, ""작업사이즈"": {""font_rgb"": ""Values must be of type <class 'str'>""}, ""상품"": {""font_rgb"": ""Values must be of type <class 'str'>""}, ""판걸이"": {""font_rgb"": ""Values must be of type <class 'str'>""}, ""디지털인쇄(국4절)"": {""font_rgb"": ""Values must be of type <class 'str'>""}, ""디지털인쇄(3절)"": {""font_rgb"": ""Values must be of type <class 'str'>""}, ""col_I"": {""font_rgb"": ""Values must be of type <class 'str'>""}, ""인쇄가능영역"": {""font_rgb"": ""Values must be of type <class 'str'>""}, ""원형아이마크영역(완칼)"": {""font_rgb"": ""Values must be of type <class 'str'>""}, ""격자아이마크영역(반칼)"": {""font_rgb"": ""Values must be of type <class 'str'>""}}"
판걸이수,46,74 x 74 mm - 기본형,false,74 x 74 mm - 기본형,74x74,2,78x78,인쇄배경지,24,316x467,,,사방  5mm제외,,,"{""사이즈옵션명"": {""font_rgb"": ""Values must be of type <class 'str'>""}, ""블리드"": {""font_rgb"": ""Values must be of type <class 'str'>""}, ""작업사이즈"": {""font_rgb"": ""Values must be of type <class 'str'>""}, ""상품"": {""font_rgb"": ""Values must be of type <class 'str'>""}, ""판걸이"": {""font_rgb"": ""Values must be of type <class 'str'>""}, ""디지털인쇄(국4절)"": {""font_rgb"": ""Values must be of type <class 'str'>""}, ""디지털인쇄(3절)"": {""font_rgb"": ""Values must be of type <class 'str'>""}, ""col_I"": {""font_rgb"": ""Values must be of type <class 'str'>""}, ""인쇄가능영역"": {""font_rgb"": ""Values must be of type <class 'str'>""}, ""원형아이마크영역(완칼)"": {""font_rgb"": ""Values must be of type <class 'str'>""}, ""격자아이마크영역(반칼)"": {""font_rgb"": ""Values must be of type <class 'str'>""}}"
판걸이수,47,74 x 74 mm - 접지형,false,74 x 74 mm - 접지형,74x148,2,78x152,인쇄배경지,12,316x467,,,사방  5mm제외,,,"{""사이즈옵션명"": {""font_rgb"": ""Values must be of type <class 'str'>""}, ""블리드"": {""font_rgb"": ""Values must be of type <class 'str'>""}, ""작업사이즈"": {""font_rgb"": ""Values must be of type <class 'str'>""}, ""상품"": {""font_rgb"": ""Values must be of type <class 'str'>""}, ""판걸이"": {""font_rgb"": ""Values must be of type <class 'str'>""}, ""디지털인쇄(국4절)"": {""font_rgb"": ""Values must be of type <class 'str'>""}, ""디지털인쇄(3절)"": {""font_rgb"": ""Values must be of type <class 'str'>""}, ""col_I"": {""font_rgb"": ""Values must be of type <class 'str'>""}, ""인쇄가능영역"": {""font_rgb"": ""Values must be of type <class 'str'>""}, ""원형아이마크영역(완칼)"": {""font_rgb"": ""Values must be of type <class 'str'>""}, ""격자아이마크영역(반칼)"": {""font_rgb"": ""Values must be of type <class 'str'>""}}"
판걸이수,48,74 x 109 mm - 기본형,false,74 x 109 mm - 기본형,74x109,2,78x113,인쇄배경지,16,316x467,,,사방  5mm제외,,,"{""상품"": {""font_rgb"": ""Values must be of type <class 'str'>""}, ""디지털인쇄(국4절)"": {""font_rgb"": ""Values must be of type <class 'str'>""}, ""인쇄가능영역"": {""font_rgb"": ""Values must be of type <class 'str'>""}, ""원형아이마크영역(완칼)"": {""font_rgb"": ""Values must be of type <class 'str'>""}, ""격자아이마크영역(반칼)"": {""font_rgb"": ""Values must be of type <class 'str'>""}}"
판걸이수,49,74 x 109 mm - 상하접지형,false,74 x 109 mm - 상하접지형,74x218,2,78x222,인쇄배경지,8,316x467,,,사방  5mm제외,,,"{""사이즈옵션명"": {""font_rgb"": ""Values must be of type <class 'str'>""}, ""상품"": {""font_rgb"": ""Values must be of type <class 'str'>""}, ""디지털인쇄(국4절)"": {""font_rgb"": ""Values must be of type <class 'str'>""}, ""인쇄가능영역"": {""font_rgb"": ""Values must be of type <class 'str'>""}, ""원형아이마크영역(완칼)"": {""font_rgb"": ""Values must be of type <class 'str'>""}, ""격자아이마크영역(반칼)"": {""font_rgb"": ""Values must be of type <class 'str'>""}}"
판걸이수,50,80 x 80mm,false,80 x 80mm,80x80,2,84x84,인쇄해더택,15,316x467,,,사방  5mm제외,,,"{""사이즈옵션명"": {""font_rgb"": ""Values must be of type <class 'str'>""}, ""디지털인쇄(국4절)"": {""font_rgb"": ""Values must be of type <class 'str'>""}, ""인쇄가능영역"": {""font_rgb"": ""Values must be of type <class 'str'>""}, ""원형아이마크영역(완칼)"": {""font_rgb"": ""Values must be of type <class 'str'>""}, ""격자아이마크영역(반칼)"": {""font_rgb"": ""Values must be of type <class 'str'>""}}"
판걸이수,51,110 x 80mm,false,110 x 80mm,110x80,2,114x84,인쇄해더택,12,316x467,,,사방  5mm제외,,,"{""사이즈옵션명"": {""font_rgb"": ""Values must be of type <class 'str'>""}, ""디지털인쇄(국4절)"": {""font_rgb"": ""Values must be of type <class 'str'>""}, ""인쇄가능영역"": {""font_rgb"": ""Values must be of type <class 'str'>""}, ""원형아이마크영역(완칼)"": {""font_rgb"": ""Values must be of type <class 'str'>""}, ""격자아이마크영역(반칼)"": {""font_rgb"": ""Values must be of type <class 'str'>""}}"
판걸이수,52,140 x 80mm,false,140 x 80mm,140x80,2,144x84,인쇄해더택,10,316x467,,,사방  5mm제외,,,"{""사이즈옵션명"": {""font_rgb"": ""Values must be of type <class 'str'>""}, ""디지털인쇄(국4절)"": {""font_rgb"": ""Values must be of type <class 'str'>""}, ""인쇄가능영역"": {""font_rgb"": ""Values must be of type <class 'str'>""}, ""원형아이마크영역(완칼)"": {""font_rgb"": ""Values must be of type <class 'str'>""}, ""격자아이마크영역(반칼)"": {""font_rgb"": ""Values must be of type <class 'str'>""}}"
판걸이수,53,160 x 80mm,false,160 x 80mm,160x80,2,164x84,인쇄해더택,6,316x467,,,사방  5mm제외,,,"{""사이즈옵션명"": {""font_rgb"": ""Values must be of type <class 'str'>""}, ""디지털인쇄(국4절)"": {""font_rgb"": ""Values must be of type <class 'str'>""}, ""인쇄가능영역"": {""font_rgb"": ""Values must be of type <class 'str'>""}, ""원형아이마크영역(완칼)"": {""font_rgb"": ""Values must be of type <class 'str'>""}, ""격자아이마크영역(반칼)"": {""font_rgb"": ""Values must be of type <class 'str'>""}}"
판걸이수,54,40 x 80 mm,false,40 x 80 mm,40x80,5,50x90,라벨택,24,316x467,,,,"좌,우 6mm 제외
상 13mm 제외
하 16mm 제외",,"{""사이즈옵션명"": {""font_rgb"": ""Values must be of type <class 'str'>""}, ""디지털인쇄(국4절)"": {""font_rgb"": ""Values must be of type <class 'str'>""}, ""원형아이마크영역(완칼)"": {""font_rgb"": ""Values must be of type <class 'str'>""}, ""격자아이마크영역(반칼)"": {""font_rgb"": ""Values must be of type <class 'str'>""}}"
판걸이수,55,25 x 110 mm,false,25 x 110 mm,25x110,5,35x120,라벨택,24,316x467,,,,"좌,우 6mm 제외
상 13mm 제외
하 16mm 제외",,"{""사이즈옵션명"": {""font_rgb"": ""Values must be of type <class 'str'>""}, ""디지털인쇄(국4절)"": {""font_rgb"": ""Values must be of type <class 'str'>""}, ""원형아이마크영역(완칼)"": {""font_rgb"": ""Values must be of type <class 'str'>""}, ""격자아이마크영역(반칼)"": {""font_rgb"": ""Values must be of type <class 'str'>""}}"
판걸이수,56,A5 (148 x 210mm),false,A5 (148 x 210mm),148x210,2,152x214,전단지 / 책자내지,4,316x467,,,사방  5mm제외,,,"{""사이즈옵션명"": {""font_rgb"": ""Values must be of type <class 'str'>""}, ""재단사이즈"": {""font_rgb"": ""Values must be of type <class 'str'>""}, ""블리드"": {""font_rgb"": ""Values must be of type <class 'str'>""}, ""디지털인쇄(국4절)"": {""font_rgb"": ""Values must be of type <class 'str'>""}, ""인쇄가능영역"": {""font_rgb"": ""Values must be of type <class 'str'>""}, ""격자아이마크영역(반칼)"": {""font_rgb"": ""Values must be of type <class 'str'>""}}"
판걸이수,57,A5 (210 x 148 mm),false,A5 (210 x 148 mm),210 x 148,2,214x152,책자내지,4,316x467,,,사방  5mm제외,,,"{""사이즈옵션명"": {""font_rgb"": ""Values must be of type <class 'str'>""}, ""재단사이즈"": {""font_rgb"": ""Values must be of type <class 'str'>""}, ""블리드"": {""font_rgb"": ""Values must be of type <class 'str'>""}, ""디지털인쇄(국4절)"": {""font_rgb"": ""Values must be of type <class 'str'>""}, ""인쇄가능영역"": {""font_rgb"": ""Values must be of type <class 'str'>""}, ""격자아이마크영역(반칼)"": {""font_rgb"": ""Values must be of type <class 'str'>""}}"
판걸이수,58,A4 (210 x 297mm),false,A4 (210 x 297mm),210x297,3,216x303,전단지 / 책자내지,2,316x467,,,사방  5mm제외,,,"{""사이즈옵션명"": {""font_rgb"": ""Values must be of type <class 'str'>""}, ""재단사이즈"": {""font_rgb"": ""Values must be of type <class 'str'>""}, ""블리드"": {""font_rgb"": ""Values must be of type <class 'str'>""}, ""디지털인쇄(국4절)"": {""font_rgb"": ""Values must be of type <class 'str'>""}, ""인쇄가능영역"": {""font_rgb"": ""Values must be of type <class 'str'>""}, ""격자아이마크영역(반칼)"": {""font_rgb"": ""Values must be of type <class 'str'>""}}"
판걸이수,59,A4 (297 x 210 mm),false,A4 (297 x 210 mm),297 x 210,3,303x216,책자내지,2,316x467,,,사방  5mm제외,,,"{""사이즈옵션명"": {""font_rgb"": ""Values must be of type <class 'str'>""}, ""재단사이즈"": {""font_rgb"": ""Values must be of type <class 'str'>""}, ""블리드"": {""font_rgb"": ""Values must be of type <class 'str'>""}, ""디지털인쇄(국4절)"": {""font_rgb"": ""Values must be of type <class 'str'>""}, ""인쇄가능영역"": {""font_rgb"": ""Values must be of type <class 'str'>""}, ""격자아이마크영역(반칼)"": {""font_rgb"": ""Values must be of type <class 'str'>""}}"
판걸이수,60,중철책자 표지 A5,false,중철책자 표지 A5,296x210,3,,중철표지,,316x467,,,사방  5mm제외,,,"{""사이즈옵션명"": {""fill_rgb"": ""FFFF9900""}, ""디지털인쇄(국4절)"": {""font_rgb"": ""Values must be of type <class 'str'>""}, ""인쇄가능영역"": {""font_rgb"": ""Values must be of type <class 'str'>""}, ""격자아이마크영역(반칼)"": {""font_rgb"": ""Values must be of type <class 'str'>""}}"
판걸이수,61,중철책자 표지 A4,false,중철책자 표지 A4,420x297,3,,중철표지,,316x467,,,사방  5mm제외,,,"{""사이즈옵션명"": {""fill_rgb"": ""FFFF9900""}, ""디지털인쇄(국4절)"": {""font_rgb"": ""Values must be of type <class 'str'>""}, ""인쇄가능영역"": {""font_rgb"": ""Values must be of type <class 'str'>""}, ""격자아이마크영역(반칼)"": {""font_rgb"": ""Values must be of type <class 'str'>""}}"
판걸이수,62,무선/PUR책자 표지 A5,false,무선/PUR책자 표지 A5,330x210,3,,무선표지 / PUR표지,,316x467,,,사방  5mm제외,,,"{""사이즈옵션명"": {""fill_rgb"": ""FFFF9900""}, ""디지털인쇄(국4절)"": {""font_rgb"": ""Values must be of type <class 'str'>""}, ""인쇄가능영역"": {""font_rgb"": ""Values must be of type <class 'str'>""}, ""격자아이마크영역(반칼)"": {""font_rgb"": ""Values must be of type <class 'str'>""}}"
판걸이수,63,무선/PUR책자 표지 A4,false,무선/PUR책자 표지 A4,454x297,3,,무선표지 / PUR표지,,316x467,,,사방  5mm제외,,,"{""사이즈옵션명"": {""fill_rgb"": ""FFFF9900""}, ""디지털인쇄(국4절)"": {""font_rgb"": ""Values must be of type <class 'str'>""}, ""인쇄가능영역"": {""font_rgb"": ""Values must be of type <class 'str'>""}, ""격자아이마크영역(반칼)"": {""font_rgb"": ""Values must be of type <class 'str'>""}}"
판걸이수,64,하드커버무선책자 A5,false,하드커버무선책자 A5,390x268,0,,하드커버무선 표지,,316x467,,,사방  5mm제외,,,"{""사이즈옵션명"": {""fill_rgb"": ""FFFF9900""}, ""디지털인쇄(국4절)"": {""font_rgb"": ""Values must be of type <class 'str'>""}, ""인쇄가능영역"": {""font_rgb"": ""Values must be of type <class 'str'>""}, ""격자아이마크영역(반칼)"": {""font_rgb"": ""Values must be of type <class 'str'>""}}"
판걸이수,65,하드커버무선책자 A4,false,하드커버무선책자 A4,532x355,0,,하드커버무선 표지,,,330x660,,사방  5mm제외,,,"{""사이즈옵션명"": {""fill_rgb"": ""FFFF9900""}, ""인쇄가능영역"": {""font_rgb"": ""Values must be of type <class 'str'>""}, ""격자아이마크영역(반칼)"": {""font_rgb"": ""Values must be of type <class 'str'>""}}"
판걸이수,66,하드커버링책자 표지 A5,false,하드커버링책자 표지 A5,191x253,0,,하드커버링책자 표지,,316x467,,,사방  5mm제외,,,"{""사이즈옵션명"": {""fill_rgb"": ""FFFF9900""}, ""디지털인쇄(국4절)"": {""font_rgb"": ""Values must be of type <class 'str'>""}, ""인쇄가능영역"": {""font_rgb"": ""Values must be of type <class 'str'>""}, ""격자아이마크영역(반칼)"": {""font_rgb"": ""Values must be of type <class 'str'>""}}"
판걸이수,67,하드커버링책자 면지 A5,false,하드커버링책자 면지 A5,151x213,0,,하드커버링책자 면지,,316x467,,,사방  5mm제외,,,"{""사이즈옵션명"": {""fill_rgb"": ""FFFF9900""}, ""디지털인쇄(국4절)"": {""font_rgb"": ""Values must be of type <class 'str'>""}, ""인쇄가능영역"": {""font_rgb"": ""Values must be of type <class 'str'>""}, ""격자아이마크영역(반칼)"": {""font_rgb"": ""Values must be of type <class 'str'>""}}"
판걸이수,68,하드커버링책자 표지 A4,false,하드커버링책자 표지 A4,253x340,0,,하드커버링책자 표지,,316x467,,,사방  5mm제외,,,"{""사이즈옵션명"": {""fill_rgb"": ""FFFF9900""}, ""디지털인쇄(국4절)"": {""font_rgb"": ""Values must be of type <class 'str'>""}, ""인쇄가능영역"": {""font_rgb"": ""Values must be of type <class 'str'>""}, ""격자아이마크영역(반칼)"": {""font_rgb"": ""Values must be of type <class 'str'>""}}"
판걸이수,69,하드커버링책자 면지 A4,false,하드커버링책자 면지 A4,213x300,0,,하드커버링책자 면지,,316x467,,,사방  5mm제외,,,"{""사이즈옵션명"": {""fill_rgb"": ""FFFF9900""}, ""디지털인쇄(국4절)"": {""font_rgb"": ""Values must be of type <class 'str'>""}, ""인쇄가능영역"": {""font_rgb"": ""Values must be of type <class 'str'>""}, ""격자아이마크영역(반칼)"": {""font_rgb"": ""Values must be of type <class 'str'>""}}"
판걸이수,70,A3 (297 x 420mm),false,A3 (297 x 420mm),297x420,3,303x426,전단지,1,316x467,,,사방  5mm제외,,,"{""인쇄가능영역"": {""font_rgb"": ""Values must be of type <class 'str'>""}, ""격자아이마크영역(반칼)"": {""font_rgb"": ""Values must be of type <class 'str'>""}}"
판걸이수,71,A3+ (300 x 440mm),false,A3+ (300 x 440mm),300x440,3,306x446,전단지,1,316x467,,,사방  5mm제외,,,"{""인쇄가능영역"": {""font_rgb"": ""Values must be of type <class 'str'>""}, ""격자아이마크영역(반칼)"": {""font_rgb"": ""Values must be of type <class 'str'>""}}"
판걸이수,72,A5,false,A5,210 x 148,2,214x152,접지리플렛,4,316x467,,,사방  5mm제외,,,"{""인쇄가능영역"": {""font_rgb"": ""Values must be of type <class 'str'>""}, ""격자아이마크영역(반칼)"": {""font_rgb"": ""Values must be of type <class 'str'>""}}"
판걸이수,73,A4,false,A4,297 x 210,3,303x216,접지리플렛,2,316x467,,,사방  5mm제외,,,"{""인쇄가능영역"": {""font_rgb"": ""Values must be of type <class 'str'>""}, ""격자아이마크영역(반칼)"": {""font_rgb"": ""Values must be of type <class 'str'>""}}"
판걸이수,74,A3,false,A3,420 x 297,3,426x303,접지리플렛,1,316x467,,,사방  5mm제외,,,"{""인쇄가능영역"": {""font_rgb"": ""Values must be of type <class 'str'>""}, ""격자아이마크영역(반칼)"": {""font_rgb"": ""Values must be of type <class 'str'>""}}"
판걸이수,75,3절,false,3절,640 x 297,3,646x303,와이드 접지리플렛,1,,330x660,,사방  5mm제외,,,"{""인쇄가능영역"": {""font_rgb"": ""Values must be of type <class 'str'>""}, ""격자아이마크영역(반칼)"": {""font_rgb"": ""Values must be of type <class 'str'>""}}"
판걸이수,76,썬캡,false,썬캡,320x404,0,320x404,썬캡,1,,330x540,,,"좌,우 6mm 제외
상 13mm 제외
하 16mm 제외",,"{""원형아이마크영역(완칼)"": {""fill_rgb"": ""Values must be of type <class 'str'>"", ""font_rgb"": ""Values must be of type <class 'str'>""}, ""격자아이마크영역(반칼)"": {""font_rgb"": ""Values must be of type <class 'str'>""}}"
판걸이수,77,A6 (105 x 148 mm),false,A6 (105 x 148 mm),105 x 148,0,105x148,반칼스티커,8,,,317x440,,,사방 10mm 제외,"{""사이즈옵션명"": {""font_rgb"": ""Values must be of type <class 'str'>""}, ""재단사이즈"": {""font_rgb"": ""Values must be of type <class 'str'>""}, ""col_I"": {""font_rgb"": ""Values must be of type <class 'str'>""}, ""인쇄가능영역"": {""font_rgb"": ""Values must be of type <class 'str'>""}, ""원형아이마크영역(완칼)"": {""font_rgb"": ""Values must be of type <class 'str'>""}, ""격자아이마크영역(반칼)"": {""font_rgb"": ""Values must be of type <class 'str'>""}}"
판걸이수,78,A5 (148 x 210 mm),false,A5 (148 x 210 mm),148 x 210,0,148x210,반칼스티커,4,,,317x440,,,사방 10mm 제외,"{""사이즈옵션명"": {""font_rgb"": ""Values must be of type <class 'str'>""}, ""재단사이즈"": {""font_rgb"": ""Values must be of type <class 'str'>""}, ""col_I"": {""font_rgb"": ""Values must be of type <class 'str'>""}, ""인쇄가능영역"": {""font_rgb"": ""Values must be of type <class 'str'>""}, ""원형아이마크영역(완칼)"": {""font_rgb"": ""Values must be of type <class 'str'>""}, ""격자아이마크영역(반칼)"": {""font_rgb"": ""Values must be of type <class 'str'>""}}"
판걸이수,79,A4 (210 x 297 mm),false,A4 (210 x 297 mm),210 x 297,0,210x297,반칼스티커,2,,,317x440,,,사방 10mm 제외,"{""사이즈옵션명"": {""font_rgb"": ""Values must be of type <class 'str'>""}, ""재단사이즈"": {""font_rgb"": ""Values must be of type <class 'str'>""}, ""col_I"": {""font_rgb"": ""Values must be of type <class 'str'>""}, ""인쇄가능영역"": {""font_rgb"": ""Values must be of type <class 'str'>""}, ""원형아이마크영역(완칼)"": {""font_rgb"": ""Values must be of type <class 'str'>""}, ""격자아이마크영역(반칼)"": {""font_rgb"": ""Values must be of type <class 'str'>""}}"
판걸이수,80,100 x 140 mm,false,100 x 140 mm,100 x 140,2,104x144,반칼스티커,8,,,317x440,,,사방 10mm 제외,"{""사이즈옵션명"": {""font_rgb"": ""Values must be of type <class 'str'>""}, ""재단사이즈"": {""font_rgb"": ""Values must be of type <class 'str'>""}, ""col_I"": {""font_rgb"": ""Values must be of type <class 'str'>""}, ""인쇄가능영역"": {""font_rgb"": ""Values must be of type <class 'str'>""}, ""원형아이마크영역(완칼)"": {""font_rgb"": ""Values must be of type <class 'str'>""}, ""격자아이마크영역(반칼)"": {""font_rgb"": ""Values must be of type <class 'str'>""}}"
판걸이수,81,124 x186 mm,false,124 x186 mm,124 x 186,2,128x190,반칼스티커,4,,,317x440,,,사방 10mm 제외,"{""사이즈옵션명"": {""font_rgb"": ""Values must be of type <class 'str'>""}, ""재단사이즈"": {""font_rgb"": ""Values must be of type <class 'str'>""}, ""col_I"": {""font_rgb"": ""Values must be of type <class 'str'>""}, ""인쇄가능영역"": {""font_rgb"": ""Values must be of type <class 'str'>""}, ""원형아이마크영역(완칼)"": {""font_rgb"": ""Values must be of type <class 'str'>""}, ""격자아이마크영역(반칼)"": {""font_rgb"": ""Values must be of type <class 'str'>""}}"
판걸이수,82,90 x 190 mm,false,90 x 190 mm,90 x 190,2,94x194,반칼스티커,6,,,317x440,,,사방 10mm 제외,"{""사이즈옵션명"": {""font_rgb"": ""Values must be of type <class 'str'>""}, ""재단사이즈"": {""font_rgb"": ""Values must be of type <class 'str'>""}, ""col_I"": {""font_rgb"": ""Values must be of type <class 'str'>""}, ""인쇄가능영역"": {""font_rgb"": ""Values must be of type <class 'str'>""}, ""원형아이마크영역(완칼)"": {""font_rgb"": ""Values must be of type <class 'str'>""}, ""격자아이마크영역(반칼)"": {""font_rgb"": ""Values must be of type <class 'str'>""}}"
판걸이수,83,50 x 70 mm,false,50 x 70 mm,50 x 70,0,50x70,소형반칼스티커,32,,,307x430,,,사방 10mm 제외,"{""사이즈옵션명"": {""font_rgb"": ""Values must be of type <class 'str'>""}, ""재단사이즈"": {""font_rgb"": ""Values must be of type <class 'str'>""}, ""col_I"": {""font_rgb"": ""Values must be of type <class 'str'>""}, ""인쇄가능영역"": {""font_rgb"": ""Values must be of type <class 'str'>""}, ""원형아이마크영역(완칼)"": {""font_rgb"": ""Values must be of type <class 'str'>""}, ""격자아이마크영역(반칼)"": {""font_rgb"": ""Values must be of type <class 'str'>""}}"
판걸이수,84,70 x 50 mm,false,70 x 50 mm,70 x 50,0,70x50,소형반칼스티커,32,,,307x430,,,사방 10mm 제외,"{""사이즈옵션명"": {""font_rgb"": ""Values must be of type <class 'str'>""}, ""재단사이즈"": {""font_rgb"": ""Values must be of type <class 'str'>""}, ""col_I"": {""font_rgb"": ""Values must be of type <class 'str'>""}, ""인쇄가능영역"": {""font_rgb"": ""Values must be of type <class 'str'>""}, ""원형아이마크영역(완칼)"": {""font_rgb"": ""Values must be of type <class 'str'>""}, ""격자아이마크영역(반칼)"": {""font_rgb"": ""Values must be of type <class 'str'>""}}"
판걸이수,85,50 x 94 mm,false,50 x 94 mm,50 x 94,0,50x94,소형반칼스티커,24,,,307x430,,,사방 10mm 제외,"{""사이즈옵션명"": {""font_rgb"": ""Values must be of type <class 'str'>""}, ""재단사이즈"": {""font_rgb"": ""Values must be of type <class 'str'>""}, ""col_I"": {""font_rgb"": ""Values must be of type <class 'str'>""}, ""인쇄가능영역"": {""font_rgb"": ""Values must be of type <class 'str'>""}, ""원형아이마크영역(완칼)"": {""font_rgb"": ""Values must be of type <class 'str'>""}, ""격자아이마크영역(반칼)"": {""font_rgb"": ""Values must be of type <class 'str'>""}}"
판걸이수,86,94 x 50 mm,false,94 x 50 mm,94 x 50,0,94x50,소형반칼스티커,24,,,307x430,,,사방 10mm 제외,"{""사이즈옵션명"": {""font_rgb"": ""Values must be of type <class 'str'>""}, ""재단사이즈"": {""font_rgb"": ""Values must be of type <class 'str'>""}, ""col_I"": {""font_rgb"": ""Values must be of type <class 'str'>""}, ""인쇄가능영역"": {""font_rgb"": ""Values must be of type <class 'str'>""}, ""원형아이마크영역(완칼)"": {""font_rgb"": ""Values must be of type <class 'str'>""}, ""격자아이마크영역(반칼)"": {""font_rgb"": ""Values must be of type <class 'str'>""}}"
판걸이수,87,65 x 65 mm,false,65 x 65 mm,65 x 65,0,65x65,소형반칼스티커,24,,,307x430,,,사방 10mm 제외,"{""사이즈옵션명"": {""font_rgb"": ""Values must be of type <class 'str'>""}, ""재단사이즈"": {""font_rgb"": ""Values must be of type <class 'str'>""}, ""col_I"": {""font_rgb"": ""Values must be of type <class 'str'>""}, ""인쇄가능영역"": {""font_rgb"": ""Values must be of type <class 'str'>""}, ""원형아이마크영역(완칼)"": {""font_rgb"": ""Values must be of type <class 'str'>""}, ""격자아이마크영역(반칼)"": {""font_rgb"": ""Values must be of type <class 'str'>""}}"
판걸이수,88,80 x 80 mm,false,80 x 80 mm,80 x 80,0,80x80,소형반칼스티커,15,,,307x430,,,사방 10mm 제외,"{""사이즈옵션명"": {""font_rgb"": ""Values must be of type <class 'str'>""}, ""재단사이즈"": {""font_rgb"": ""Values must be of type <class 'str'>""}, ""col_I"": {""font_rgb"": ""Values must be of type <class 'str'>""}, ""인쇄가능영역"": {""font_rgb"": ""Values must be of type <class 'str'>""}, ""원형아이마크영역(완칼)"": {""font_rgb"": ""Values must be of type <class 'str'>""}, ""격자아이마크영역(반칼)"": {""font_rgb"": ""Values must be of type <class 'str'>""}}"
판걸이수,89,94 x 94 mm,false,94 x 94 mm,94 x 94,0,94x94,소형반칼스티커,12,,,307x430,,,사방 10mm 제외,"{""사이즈옵션명"": {""font_rgb"": ""Values must be of type <class 'str'>""}, ""재단사이즈"": {""font_rgb"": ""Values must be of type <class 'str'>""}, ""col_I"": {""font_rgb"": ""Values must be of type <class 'str'>""}, ""인쇄가능영역"": {""font_rgb"": ""Values must be of type <class 'str'>""}, ""원형아이마크영역(완칼)"": {""font_rgb"": ""Values must be of type <class 'str'>""}, ""격자아이마크영역(반칼)"": {""font_rgb"": ""Values must be of type <class 'str'>""}}"
판걸이수,90,75 x 94 mm,false,75 x 94 mm,75 x 94,0,75x94,소형반칼스티커,15,,,307x430,,,사방 10mm 제외,"{""사이즈옵션명"": {""font_rgb"": ""Values must be of type <class 'str'>""}, ""재단사이즈"": {""font_rgb"": ""Values must be of type <class 'str'>""}, ""col_I"": {""font_rgb"": ""Values must be of type <class 'str'>""}, ""인쇄가능영역"": {""font_rgb"": ""Values must be of type <class 'str'>""}, ""원형아이마크영역(완칼)"": {""font_rgb"": ""Values must be of type <class 'str'>""}, ""격자아이마크영역(반칼)"": {""font_rgb"": ""Values must be of type <class 'str'>""}}"
판걸이수,91,135 x 135 mm,false,135 x 135 mm,135 x 135,0,135x135,소형반칼스티커,6,,,307x430,,,사방 10mm 제외,"{""사이즈옵션명"": {""font_rgb"": ""Values must be of type <class 'str'>""}, ""재단사이즈"": {""font_rgb"": ""Values must be of type <class 'str'>""}, ""col_I"": {""font_rgb"": ""Values must be of type <class 'str'>""}, ""인쇄가능영역"": {""font_rgb"": ""Values must be of type <class 'str'>""}, ""원형아이마크영역(완칼)"": {""font_rgb"": ""Values must be of type <class 'str'>""}, ""격자아이마크영역(반칼)"": {""font_rgb"": ""Values must be of type <class 'str'>""}}"
판걸이수,92,140 x 100 mm,false,140 x 100 mm,140 x 100,0,140x100,소형반칼스티커,8,,,307x430,,,사방 10mm 제외,"{""사이즈옵션명"": {""font_rgb"": ""Values must be of type <class 'str'>""}, ""재단사이즈"": {""font_rgb"": ""Values must be of type <class 'str'>""}, ""col_I"": {""font_rgb"": ""Values must be of type <class 'str'>""}, ""인쇄가능영역"": {""font_rgb"": ""Values must be of type <class 'str'>""}, ""원형아이마크영역(완칼)"": {""font_rgb"": ""Values must be of type <class 'str'>""}, ""격자아이마크영역(반칼)"": {""font_rgb"": ""Values must be of type <class 'str'>""}}"
판걸이수,93,75 x 110 mm,false,75 x 110 mm,75 x 110,0,75x110,스티커팩,16,,,330x470,사방  5mm제외,,,"{""사이즈옵션명"": {""font_rgb"": ""Values must be of type <class 'str'>""}, ""재단사이즈"": {""font_rgb"": ""Values must be of type <class 'str'>""}, ""인쇄가능영역"": {""font_rgb"": ""Values must be of type <class 'str'>""}, ""원형아이마크영역(완칼)"": {""font_rgb"": ""Values must be of type <class 'str'>""}, ""격자아이마크영역(반칼)"": {""font_rgb"": ""Values must be of type <class 'str'>""}}"
판걸이수,94,220 x 145 mm,false,220 x 145 mm,220 x 145,2,224x149,탁상형캘린더,4,316x467,,,사방  5mm제외,,,"{""col_I"": {""font_rgb"": ""Values must be of type <class 'str'>""}, ""인쇄가능영역"": {""font_rgb"": ""Values must be of type <class 'str'>""}, ""원형아이마크영역(완칼)"": {""font_rgb"": ""Values must be of type <class 'str'>""}, ""격자아이마크영역(반칼)"": {""font_rgb"": ""Values must be of type <class 'str'>""}}"
판걸이수,95,130 x 220 mm,false,130 x 220 mm,130 x 220,2,134x224,탁상형캘린더,4,316x467,,,사방  5mm제외,,,"{""col_I"": {""font_rgb"": ""Values must be of type <class 'str'>""}, ""인쇄가능영역"": {""font_rgb"": ""Values must be of type <class 'str'>""}, ""원형아이마크영역(완칼)"": {""font_rgb"": ""Values must be of type <class 'str'>""}, ""격자아이마크영역(반칼)"": {""font_rgb"": ""Values must be of type <class 'str'>""}}"
판걸이수,96,90 x 100 mm,false,90 x 100 mm,90 x 100,2,94x104,미니탁상형캘린더,12,316x467,,,사방  5mm제외,,,"{""col_I"": {""font_rgb"": ""Values must be of type <class 'str'>""}, ""인쇄가능영역"": {""font_rgb"": ""Values must be of type <class 'str'>""}, ""원형아이마크영역(완칼)"": {""font_rgb"": ""Values must be of type <class 'str'>""}, ""격자아이마크영역(반칼)"": {""font_rgb"": ""Values must be of type <class 'str'>""}}"
판걸이수,97,148 x 60 mm,false,148 x 60 mm,148 x 60,2,152x64,미니탁상형캘린더,12,316x467,,,사방  5mm제외,,,"{""col_I"": {""font_rgb"": ""Values must be of type <class 'str'>""}, ""인쇄가능영역"": {""font_rgb"": ""Values must be of type <class 'str'>""}, ""원형아이마크영역(완칼)"": {""font_rgb"": ""Values must be of type <class 'str'>""}, ""격자아이마크영역(반칼)"": {""font_rgb"": ""Values must be of type <class 'str'>""}}"
판걸이수,98,145 x 145 mm,false,145 x 145 mm,145 x 145,2,149x149,엽서캘린더,6,316x467,,,사방  5mm제외,,,"{""col_I"": {""font_rgb"": ""Values must be of type <class 'str'>""}, ""인쇄가능영역"": {""font_rgb"": ""Values must be of type <class 'str'>""}, ""원형아이마크영역(완칼)"": {""font_rgb"": ""Values must be of type <class 'str'>""}, ""격자아이마크영역(반칼)"": {""font_rgb"": ""Values must be of type <class 'str'>""}}"
판걸이수,99,220 x 130 mm,false,220 x 130 mm,220 x 130,2,224x134,엽서캘린더,4,316x467,,,사방  5mm제외,,,"{""col_I"": {""font_rgb"": ""Values must be of type <class 'str'>""}, ""인쇄가능영역"": {""font_rgb"": ""Values must be of type <class 'str'>""}, ""원형아이마크영역(완칼)"": {""font_rgb"": ""Values must be of type <class 'str'>""}, ""격자아이마크영역(반칼)"": {""font_rgb"": ""Values must be of type <class 'str'>""}}"
판걸이수,100,148 x 210 mm,false,148 x 210 mm,148 x 210,2,152x214,엽서캘린더,4,316x467,,,사방  5mm제외,,,"{""col_I"": {""font_rgb"": ""Values must be of type <class 'str'>""}, ""인쇄가능영역"": {""font_rgb"": ""Values must be of type <class 'str'>""}, ""원형아이마크영역(완칼)"": {""font_rgb"": ""Values must be of type <class 'str'>""}, ""격자아이마크영역(반칼)"": {""font_rgb"": ""Values must be of type <class 'str'>""}}"
판걸이수,101,145 x 300 mm,false,145 x 300 mm,145 x 300,2,149x304,엽서캘린더,3,316x467,,,사방  5mm제외,,,"{""col_I"": {""font_rgb"": ""Values must be of type <class 'str'>""}, ""인쇄가능영역"": {""font_rgb"": ""Values must be of type <class 'str'>""}, ""원형아이마크영역(완칼)"": {""font_rgb"": ""Values must be of type <class 'str'>""}, ""격자아이마크영역(반칼)"": {""font_rgb"": ""Values must be of type <class 'str'>""}}"
판걸이수,102,210 x 297 mm,false,210 x 297 mm,210 x 297,2,214x301,벽결이캘린더,2,316x467,,,사방  5mm제외,,,"{""col_I"": {""font_rgb"": ""Values must be of type <class 'str'>""}, ""인쇄가능영역"": {""font_rgb"": ""Values must be of type <class 'str'>""}, ""원형아이마크영역(완칼)"": {""font_rgb"": ""Values must be of type <class 'str'>""}, ""격자아이마크영역(반칼)"": {""font_rgb"": ""Values must be of type <class 'str'>""}}"
판걸이수,103,210 x 420 mm,false,210 x 420 mm,210 x 420,2,214x424,벽결이캘린더,1,316x467,,,사방  5mm제외,,,"{""col_I"": {""font_rgb"": ""Values must be of type <class 'str'>""}, ""인쇄가능영역"": {""font_rgb"": ""Values must be of type <class 'str'>""}, ""원형아이마크영역(완칼)"": {""font_rgb"": ""Values must be of type <class 'str'>""}, ""격자아이마크영역(반칼)"": {""font_rgb"": ""Values must be of type <class 'str'>""}}"
판걸이수,104,300 x 420 mm,false,300 x 420 mm,300 x 420,2,304x424,벽결이캘린더,1,316x467,,,사방  5mm제외,,,"{""col_I"": {""font_rgb"": ""Values must be of type <class 'str'>""}, ""인쇄가능영역"": {""font_rgb"": ""Values must be of type <class 'str'>""}, ""원형아이마크영역(완칼)"": {""font_rgb"": ""Values must be of type <class 'str'>""}, ""격자아이마크영역(반칼)"": {""font_rgb"": ""Values must be of type <class 'str'>""}}"
판걸이수,105,300 x 625 mm,false,300 x 625 mm,300 x 625,2,304x629,와이드벽걸이캘린더,1,,330x660,,사방  5mm제외,,,"{""col_I"": {""font_rgb"": ""Values must be of type <class 'str'>""}, ""인쇄가능영역"": {""font_rgb"": ""Values must be of type <class 'str'>""}, ""원형아이마크영역(완칼)"": {""font_rgb"": ""Values must be of type <class 'str'>""}, ""격자아이마크영역(반칼)"": {""font_rgb"": ""Values must be of type <class 'str'>""}}"
판걸이수,106,,false,,,,,,,,,,,,,"{""사이즈옵션명"": {""font_rgb"": ""FFFF0000""}, ""재단사이즈"": {""font_rgb"": ""FFFF0000""}, ""블리드"": {""font_rgb"": ""FFFF0000""}, ""작업사이즈"": {""font_rgb"": ""FFFF0000""}, ""상품"": {""font_rgb"": ""FFFF0000""}, ""판걸이"": {""font_rgb"": ""FFFF0000""}, ""디지털인쇄(국4절)"": {""font_rgb"": ""FFFF0000""}, ""디지털인쇄(3절)"": {""font_rgb"": ""Values must be of type <class 'str'>""}, ""col_I"": {""font_rgb"": ""Values must be of type <class 'str'>""}, ""인쇄가능영역"": {""font_rgb"": ""Values must be of type <class 'str'>""}, ""원형아이마크영역(완칼)"": {""font_rgb"": ""Values must be of type <class 'str'>""}, ""격자아이마크영역(반칼)"": {""font_rgb"": ""Values must be of type <class 'str'>""}}"
판걸이수,107,,false,,,,,,,,,,,,,"{""사이즈옵션명"": {""font_rgb"": ""FFFF0000""}, ""재단사이즈"": {""font_rgb"": ""FFFF0000""}, ""블리드"": {""font_rgb"": ""FFFF0000""}, ""작업사이즈"": {""font_rgb"": ""FFFF0000""}, ""상품"": {""font_rgb"": ""FFFF0000""}, ""판걸이"": {""font_rgb"": ""FFFF0000""}, ""디지털인쇄(국4절)"": {""font_rgb"": ""FFFF0000""}, ""디지털인쇄(3절)"": {""font_rgb"": ""Values must be of type <class 'str'>""}, ""col_I"": {""font_rgb"": ""Values must be of type <class 'str'>""}, ""인쇄가능영역"": {""font_rgb"": ""Values must be of type <class 'str'>""}, ""원형아이마크영역(완칼)"": {""font_rgb"": ""Values must be of type <class 'str'>""}, ""격자아이마크영역(반칼)"": {""font_rgb"": ""Values must be of type <class 'str'>""}}"
판걸이수,108,,false,,,,,,,,,,,,,"{""사이즈옵션명"": {""font_rgb"": ""FFFF0000""}, ""재단사이즈"": {""font_rgb"": ""FFFF0000""}, ""블리드"": {""font_rgb"": ""FFFF0000""}, ""작업사이즈"": {""font_rgb"": ""FFFF0000""}, ""상품"": {""font_rgb"": ""FFFF0000""}, ""판걸이"": {""font_rgb"": ""FFFF0000""}, ""디지털인쇄(국4절)"": {""font_rgb"": ""FFFF0000""}, ""디지털인쇄(3절)"": {""font_rgb"": ""Values must be of type <class 'str'>""}, ""col_I"": {""font_rgb"": ""Values must be of type <class 'str'>""}, ""인쇄가능영역"": {""font_rgb"": ""Values must be of type <class 'str'>""}, ""원형아이마크영역(완칼)"": {""font_rgb"": ""Values must be of type <class 'str'>""}, ""격자아이마크영역(반칼)"": {""font_rgb"": ""Values must be of type <class 'str'>""}}"
판걸이수,109,,false,,,,,,,,,,,,,"{""사이즈옵션명"": {""font_rgb"": ""FFFF0000""}, ""재단사이즈"": {""font_rgb"": ""FFFF0000""}, ""블리드"": {""font_rgb"": ""FFFF0000""}, ""작업사이즈"": {""font_rgb"": ""FFFF0000""}, ""상품"": {""font_rgb"": ""FFFF0000""}, ""판걸이"": {""font_rgb"": ""FFFF0000""}, ""디지털인쇄(국4절)"": {""font_rgb"": ""FFFF0000""}, ""디지털인쇄(3절)"": {""font_rgb"": ""Values must be of type <class 'str'>""}, ""col_I"": {""font_rgb"": ""Values must be of type <class 'str'>""}, ""인쇄가능영역"": {""font_rgb"": ""Values must be of type <class 'str'>""}, ""원형아이마크영역(완칼)"": {""font_rgb"": ""Values must be of type <class 'str'>""}, ""격자아이마크영역(반칼)"": {""font_rgb"": ""Values must be of type <class 'str'>""}}"
판걸이수,110,,false,,,,,,,,,,,,,"{""사이즈옵션명"": {""font_rgb"": ""FFFF0000""}, ""재단사이즈"": {""font_rgb"": ""FFFF0000""}, ""블리드"": {""font_rgb"": ""FFFF0000""}, ""작업사이즈"": {""font_rgb"": ""FFFF0000""}, ""상품"": {""font_rgb"": ""FFFF0000""}, ""판걸이"": {""font_rgb"": ""FFFF0000""}, ""디지털인쇄(국4절)"": {""font_rgb"": ""FFFF0000""}, ""디지털인쇄(3절)"": {""font_rgb"": ""Values must be of type <class 'str'>""}, ""col_I"": {""font_rgb"": ""Values must be of type <class 'str'>""}, ""인쇄가능영역"": {""font_rgb"": ""Values must be of type <class 'str'>""}, ""원형아이마크영역(완칼)"": {""font_rgb"": ""Values must be of type <class 'str'>""}, ""격자아이마크영역(반칼)"": {""font_rgb"": ""Values must be of type <class 'str'>""}}"
판걸이수,111,,false,,,,,,,,,,,,,"{""사이즈옵션명"": {""font_rgb"": ""FFFF0000""}, ""재단사이즈"": {""font_rgb"": ""FFFF0000""}, ""블리드"": {""font_rgb"": ""FFFF0000""}, ""작업사이즈"": {""font_rgb"": ""FFFF0000""}, ""상품"": {""font_rgb"": ""FFFF0000""}, ""판걸이"": {""font_rgb"": ""FFFF0000""}, ""디지털인쇄(국4절)"": {""font_rgb"": ""FFFF0000""}, ""디지털인쇄(3절)"": {""font_rgb"": ""Values must be of type <class 'str'>""}, ""col_I"": {""font_rgb"": ""Values must be of type <class 'str'>""}, ""인쇄가능영역"": {""font_rgb"": ""Values must be of type <class 'str'>""}, ""원형아이마크영역(완칼)"": {""font_rgb"": ""Values must be of type <class 'str'>""}, ""격자아이마크영역(반칼)"": {""font_rgb"": ""Values must be of type <class 'str'>""}}"
판걸이수,112,,false,,,,,,,,,,,,,"{""사이즈옵션명"": {""font_rgb"": ""FFFF0000""}, ""재단사이즈"": {""font_rgb"": ""FFFF0000""}, ""블리드"": {""font_rgb"": ""FFFF0000""}, ""작업사이즈"": {""font_rgb"": ""FFFF0000""}, ""상품"": {""font_rgb"": ""FFFF0000""}, ""판걸이"": {""font_rgb"": ""FFFF0000""}, ""디지털인쇄(국4절)"": {""font_rgb"": ""FFFF0000""}, ""디지털인쇄(3절)"": {""font_rgb"": ""Values must be of type <class 'str'>""}, ""col_I"": {""font_rgb"": ""Values must be of type <class 'str'>""}, ""인쇄가능영역"": {""font_rgb"": ""Values must be of type <class 'str'>""}, ""원형아이마크영역(완칼)"": {""font_rgb"": ""Values must be of type <class 'str'>""}, ""격자아이마크영역(반칼)"": {""font_rgb"": ""Values must be of type <class 'str'>""}}"
판걸이수,113,,false,,,,,,,,,,,,,"{""사이즈옵션명"": {""font_rgb"": ""FFFF0000""}, ""재단사이즈"": {""font_rgb"": ""FFFF0000""}, ""블리드"": {""font_rgb"": ""FFFF0000""}, ""작업사이즈"": {""font_rgb"": ""FFFF0000""}, ""상품"": {""font_rgb"": ""FFFF0000""}, ""판걸이"": {""font_rgb"": ""FFFF0000""}, ""디지털인쇄(국4절)"": {""font_rgb"": ""FFFF0000""}, ""디지털인쇄(3절)"": {""font_rgb"": ""Values must be of type <class 'str'>""}, ""col_I"": {""font_rgb"": ""Values must be of type <class 'str'>""}, ""인쇄가능영역"": {""font_rgb"": ""Values must be of type <class 'str'>""}, ""원형아이마크영역(완칼)"": {""font_rgb"": ""Values must be of type <class 'str'>""}, ""격자아이마크영역(반칼)"": {""font_rgb"": ""Values must be of type <class 'str'>""}}"
판걸이수,114,,false,,,,,,,,,,,,,"{""사이즈옵션명"": {""font_rgb"": ""FFFF0000""}, ""재단사이즈"": {""font_rgb"": ""FFFF0000""}, ""블리드"": {""font_rgb"": ""FFFF0000""}, ""작업사이즈"": {""font_rgb"": ""FFFF0000""}, ""상품"": {""font_rgb"": ""FFFF0000""}, ""판걸이"": {""font_rgb"": ""FFFF0000""}, ""디지털인쇄(국4절)"": {""font_rgb"": ""FFFF0000""}, ""디지털인쇄(3절)"": {""font_rgb"": ""Values must be of type <class 'str'>""}, ""col_I"": {""font_rgb"": ""Values must be of type <class 'str'>""}, ""인쇄가능영역"": {""font_rgb"": ""Values must be of type <class 'str'>""}, ""원형아이마크영역(완칼)"": {""font_rgb"": ""Values must be of type <class 'str'>""}, ""격자아이마크영역(반칼)"": {""font_rgb"": ""Values must be of type <class 'str'>""}}"
판걸이수,115,,false,,,,,,,,,,,,,"{""사이즈옵션명"": {""font_rgb"": ""FFFF0000""}, ""재단사이즈"": {""font_rgb"": ""FFFF0000""}, ""블리드"": {""font_rgb"": ""FFFF0000""}, ""작업사이즈"": {""font_rgb"": ""FFFF0000""}, ""상품"": {""font_rgb"": ""FFFF0000""}, ""판걸이"": {""font_rgb"": ""FFFF0000""}, ""디지털인쇄(국4절)"": {""font_rgb"": ""FFFF0000""}, ""디지털인쇄(3절)"": {""font_rgb"": ""Values must be of type <class 'str'>""}, ""col_I"": {""font_rgb"": ""Values must be of type <class 'str'>""}, ""인쇄가능영역"": {""font_rgb"": ""Values must be of type <class 'str'>""}, ""원형아이마크영역(완칼)"": {""font_rgb"": ""Values must be of type <class 'str'>""}, ""격자아이마크영역(반칼)"": {""font_rgb"": ""Values must be of type <class 'str'>""}}"
판걸이수,116,,false,,,,,,,,,,,,,"{""사이즈옵션명"": {""font_rgb"": ""FFFF0000""}, ""재단사이즈"": {""font_rgb"": ""FFFF0000""}, ""블리드"": {""font_rgb"": ""FFFF0000""}, ""작업사이즈"": {""font_rgb"": ""FFFF0000""}, ""상품"": {""font_rgb"": ""FFFF0000""}, ""판걸이"": {""font_rgb"": ""FFFF0000""}, ""디지털인쇄(국4절)"": {""font_rgb"": ""FFFF0000""}, ""디지털인쇄(3절)"": {""font_rgb"": ""Values must be of type <class 'str'>""}, ""col_I"": {""font_rgb"": ""Values must be of type <class 'str'>""}, ""인쇄가능영역"": {""font_rgb"": ""Values must be of type <class 'str'>""}, ""원형아이마크영역(완칼)"": {""font_rgb"": ""Values must be of type <class 'str'>""}, ""격자아이마크영역(반칼)"": {""font_rgb"": ""Values must be of type <class 'str'>""}}"
판걸이수,117,,false,,,,,,,,,,,,,"{""사이즈옵션명"": {""font_rgb"": ""FFFF0000""}, ""재단사이즈"": {""font_rgb"": ""FFFF0000""}, ""블리드"": {""font_rgb"": ""FFFF0000""}, ""작업사이즈"": {""font_rgb"": ""FFFF0000""}, ""상품"": {""font_rgb"": ""FFFF0000""}, ""판걸이"": {""font_rgb"": ""FFFF0000""}, ""디지털인쇄(국4절)"": {""font_rgb"": ""FFFF0000""}, ""디지털인쇄(3절)"": {""font_rgb"": ""Values must be of type <class 'str'>""}, ""col_I"": {""font_rgb"": ""Values must be of type <class 'str'>""}, ""인쇄가능영역"": {""font_rgb"": ""Values must be of type <class 'str'>""}, ""원형아이마크영역(완칼)"": {""font_rgb"": ""Values must be of type <class 'str'>""}, ""격자아이마크영역(반칼)"": {""font_rgb"": ""Values must be of type <class 'str'>""}}"
판걸이수,118,,false,,,,,,,,,,,,,"{""사이즈옵션명"": {""font_rgb"": ""FFFF0000""}, ""재단사이즈"": {""font_rgb"": ""FFFF0000""}, ""블리드"": {""font_rgb"": ""FFFF0000""}, ""작업사이즈"": {""font_rgb"": ""FFFF0000""}, ""상품"": {""font_rgb"": ""FFFF0000""}, ""판걸이"": {""font_rgb"": ""FFFF0000""}, ""디지털인쇄(국4절)"": {""font_rgb"": ""FFFF0000""}, ""디지털인쇄(3절)"": {""font_rgb"": ""Values must be of type <class 'str'>""}, ""col_I"": {""font_rgb"": ""Values must be of type <class 'str'>""}, ""인쇄가능영역"": {""font_rgb"": ""Values must be of type <class 'str'>""}, ""원형아이마크영역(완칼)"": {""font_rgb"": ""Values must be of type <class 'str'>""}, ""격자아이마크영역(반칼)"": {""font_rgb"": ""Values must be of type <class 'str'>""}}"
판걸이수,119,,false,,,,,,,,,,,,,"{""사이즈옵션명"": {""font_rgb"": ""FFFF0000""}, ""재단사이즈"": {""font_rgb"": ""FFFF0000""}, ""블리드"": {""font_rgb"": ""FFFF0000""}, ""작업사이즈"": {""font_rgb"": ""FFFF0000""}, ""상품"": {""font_rgb"": ""FFFF0000""}, ""판걸이"": {""font_rgb"": ""FFFF0000""}, ""디지털인쇄(국4절)"": {""font_rgb"": ""FFFF0000""}, ""디지털인쇄(3절)"": {""font_rgb"": ""Values must be of type <class 'str'>""}, ""col_I"": {""font_rgb"": ""Values must be of type <class 'str'>""}, ""인쇄가능영역"": {""font_rgb"": ""Values must be of type <class 'str'>""}, ""원형아이마크영역(완칼)"": {""font_rgb"": ""Values must be of type <class 'str'>""}, ""격자아이마크영역(반칼)"": {""font_rgb"": ""Values must be of type <class 'str'>""}}"
판걸이수,120,,false,,,,,,,,,,,,,"{""사이즈옵션명"": {""font_rgb"": ""FFFF0000""}, ""재단사이즈"": {""font_rgb"": ""FFFF0000""}, ""블리드"": {""font_rgb"": ""FFFF0000""}, ""작업사이즈"": {""font_rgb"": ""FFFF0000""}, ""상품"": {""font_rgb"": ""FFFF0000""}, ""판걸이"": {""font_rgb"": ""FFFF0000""}, ""디지털인쇄(국4절)"": {""font_rgb"": ""FFFF0000""}, ""디지털인쇄(3절)"": {""font_rgb"": ""Values must be of type <class 'str'>""}, ""col_I"": {""font_rgb"": ""Values must be of type <class 'str'>""}, ""인쇄가능영역"": {""font_rgb"": ""Values must be of type <class 'str'>""}, ""원형아이마크영역(완칼)"": {""font_rgb"": ""Values must be of type <class 'str'>""}, ""격자아이마크영역(반칼)"": {""font_rgb"": ""Values must be of type <class 'str'>""}}"
판걸이수,121,,false,,,,,,,,,,,,,"{""사이즈옵션명"": {""font_rgb"": ""Values must be of type <class 'str'>""}, ""재단사이즈"": {""font_rgb"": ""Values must be of type <class 'str'>""}, ""블리드"": {""font_rgb"": ""Values must be of type <class 'str'>""}, ""작업사이즈"": {""font_rgb"": ""Values must be of type <class 'str'>""}, ""상품"": {""font_rgb"": ""Values must be of type <class 'str'>""}, ""판걸이"": {""font_rgb"": ""Values must be of type <class 'str'>""}, ""디지털인쇄(국4절)"": {""font_rgb"": ""Values must be of type <class 'str'>""}, ""디지털인쇄(3절)"": {""font_rgb"": ""Values must be of type <class 'str'>""}, ""col_I"": {""font_rgb"": ""Values must be of type <class 'str'>""}, ""인쇄가능영역"": {""font_rgb"": ""Values must be of type <class 'str'>""}, ""원형아이마크영역(완칼)"": {""font_rgb"": ""Values must be of type <class 'str'>""}, ""격자아이마크영역(반칼)"": {""font_rgb"": ""Values must be of type <class 'str'>""}}"
판걸이수,122,,false,,,,,,,,,,,,,"{""사이즈옵션명"": {""font_rgb"": ""Values must be of type <class 'str'>""}, ""재단사이즈"": {""font_rgb"": ""Values must be of type <class 'str'>""}, ""블리드"": {""font_rgb"": ""Values must be of type <class 'str'>""}, ""작업사이즈"": {""font_rgb"": ""Values must be of type <class 'str'>""}, ""상품"": {""font_rgb"": ""Values must be of type <class 'str'>""}, ""판걸이"": {""font_rgb"": ""Values must be of type <class 'str'>""}, ""디지털인쇄(국4절)"": {""font_rgb"": ""Values must be of type <class 'str'>""}, ""디지털인쇄(3절)"": {""font_rgb"": ""Values must be of type <class 'str'>""}, ""col_I"": {""font_rgb"": ""Values must be of type <class 'str'>""}, ""인쇄가능영역"": {""font_rgb"": ""Values must be of type <class 'str'>""}, ""원형아이마크영역(완칼)"": {""font_rgb"": ""Values must be of type <class 'str'>""}, ""격자아이마크영역(반칼)"": {""font_rgb"": ""Values must be of type <class 'str'>""}}"
판걸이수,123,,false,,,,,,,,,,,,,"{""사이즈옵션명"": {""fill_rgb"": ""FFFFFF00"", ""font_rgb"": ""Values must be of type <class 'str'>""}, ""재단사이즈"": {""fill_rgb"": ""FFFFFF00"", ""font_rgb"": ""Values must be of type <class 'str'>""}, ""블리드"": {""font_rgb"": ""Values must be of type <class 'str'>""}, ""작업사이즈"": {""font_rgb"": ""Values must be of type <class 'str'>""}, ""상품"": {""font_rgb"": ""Values must be of type <class 'str'>""}, ""판걸이"": {""font_rgb"": ""Values must be of type <class 'str'>""}, ""디지털인쇄(국4절)"": {""font_rgb"": ""Values must be of type <class 'str'>""}, ""디지털인쇄(3절)"": {""font_rgb"": ""Values must be of type <class 'str'>""}, ""col_I"": {""font_rgb"": ""Values must be of type <class 'str'>""}, ""인쇄가능영역"": {""font_rgb"": ""Values must be of type <class 'str'>""}, ""원형아이마크영역(완칼)"": {""font_rgb"": ""Values must be of type <class 'str'>""}, ""격자아이마크영역(반칼)"": {""font_rgb"": ""Values must be of type <class 'str'>""}}"
판걸이수,124,,false,,,,,,,,,,,,,"{""사이즈옵션명"": {""fill_rgb"": ""FFFFFF00"", ""font_rgb"": ""Values must be of type <class 'str'>""}, ""재단사이즈"": {""fill_rgb"": ""FFFFFF00"", ""font_rgb"": ""Values must be of type <class 'str'>""}, ""블리드"": {""font_rgb"": ""Values must be of type <class 'str'>""}, ""작업사이즈"": {""font_rgb"": ""Values must be of type <class 'str'>""}, ""상품"": {""font_rgb"": ""Values must be of type <class 'str'>""}, ""판걸이"": {""font_rgb"": ""Values must be of type <class 'str'>""}, ""디지털인쇄(국4절)"": {""font_rgb"": ""Values must be of type <class 'str'>""}, ""디지털인쇄(3절)"": {""font_rgb"": ""Values must be of type <class 'str'>""}, ""col_I"": {""font_rgb"": ""Values must be of type <class 'str'>""}, ""인쇄가능영역"": {""font_rgb"": ""Values must be of type <class 'str'>""}, ""원형아이마크영역(완칼)"": {""font_rgb"": ""Values must be of type <class 'str'>""}, ""격자아이마크영역(반칼)"": {""font_rgb"": ""Values must be of type <class 'str'>""}}"
판걸이수,125,,false,,,,,,,,,,,,,"{""사이즈옵션명"": {""font_rgb"": ""Values must be of type <class 'str'>""}, ""재단사이즈"": {""font_rgb"": ""Values must be of type <class 'str'>""}, ""블리드"": {""font_rgb"": ""Values must be of type <class 'str'>""}, ""작업사이즈"": {""font_rgb"": ""Values must be of type <class 'str'>""}, ""상품"": {""font_rgb"": ""Values must be of type <class 'str'>""}, ""판걸이"": {""font_rgb"": ""Values must be of type <class 'str'>""}, ""디지털인쇄(국4절)"": {""font_rgb"": ""Values must be of type <class 'str'>""}, ""디지털인쇄(3절)"": {""font_rgb"": ""Values must be of type <class 'str'>""}, ""col_I"": {""font_rgb"": ""Values must be of type <class 'str'>""}, ""인쇄가능영역"": {""font_rgb"": ""Values must be of type <class 'str'>""}, ""원형아이마크영역(완칼)"": {""font_rgb"": ""Values must be of type <class 'str'>""}, ""격자아이마크영역(반칼)"": {""font_rgb"": ""Values must be of type <class 'str'>""}}"
판걸이수,126,,false,,,,,,,,,,0,,,"{""사이즈옵션명"": {""font_rgb"": ""Values must be of type <class 'str'>""}, ""재단사이즈"": {""font_rgb"": ""Values must be of type <class 'str'>""}, ""블리드"": {""font_rgb"": ""Values must be of type <class 'str'>""}, ""작업사이즈"": {""font_rgb"": ""Values must be of type <class 'str'>""}, ""상품"": {""font_rgb"": ""Values must be of type <class 'str'>""}, ""판걸이"": {""font_rgb"": ""Values must be of type <class 'str'>""}, ""디지털인쇄(국4절)"": {""font_rgb"": ""Values must be of type <class 'str'>""}, ""디지털인쇄(3절)"": {""font_rgb"": ""Values must be of type <class 'str'>""}, ""col_I"": {""font_rgb"": ""Values must be of type <class 'str'>""}, ""인쇄가능영역"": {""font_rgb"": ""Values must be of type <class 'str'>""}, ""원형아이마크영역(완칼)"": {""font_rgb"": ""Values must be of type <class 'str'>""}, ""격자아이마크영역(반칼)"": {""font_rgb"": ""Values must be of type <class 'str'>""}}"
