sheet,type,row_seq,ref,col,fill_rgb,fill_meaning,font_rgb,comment_author,comment_text,has_constraint_star,is_formula,formula,hyperlink,col_hidden,text
문구(가격포함),footnote,,D29,,FFB6D7A8,범례마커,,,,,,,,,"노랑색배경은 신규상품으로 MES에도 없어 등록해야하는 상품입니다
그레이배경의 상품은 품절이거나 준비중인 상품입니다.
그레이칼라의 글씨는 사용자에는 보여지지 않은(파일사양의 구분을 위한) 글씨입니다
*오렌지글씨는 저만의 commemt이니 개발시 무시해주세요
제목부분 (필수/빨강)는 모든 상품에 반드시 설정해야하는 부분 (옵션/오렌지)은 상품에 따라 있을수도 없을 수도 있습니다
모든 항목은 Figma를 참고해주세요"
문구(가격포함),cell,3,A3,구분,,,Values must be of type <class 'str'>,,,,,,,,
문구(가격포함),cell,3,B3,ID,,,Values must be of type <class 'str'>,,,,,,,,
문구(가격포함),cell,3,C3,MES ITEM_CD,,,Values must be of type <class 'str'>,,,,,,,,
문구(가격포함),cell,3,D3,상품명,,,Values must be of type <class 'str'>,,,,,,,,
문구(가격포함),cell,3,E3,사이즈(필수),,,Values must be of type <class 'str'>,,,,,,,,
문구(가격포함),cell,3,I3,내지파일사양_재단사이즈,,,Values must be of type <class 'str'>,,,,,,,,
문구(가격포함),cell,3,J3,내지파일사양_파일명약어,,,Values must be of type <class 'str'>,,,,,,,,
문구(가격포함),cell,3,K3,내지파일사양_출력파일,,,Values must be of type <class 'str'>,,,,,,,,
문구(가격포함),cell,3,L3,내지파일사양_폴더,,,Values must be of type <class 'str'>,,,,,,,,
문구(가격포함),cell,3,M3,내지(옵션),,,Values must be of type <class 'str'>,,,,,,,,
문구(가격포함),cell,3,N3,종이(옵션),,,Values must be of type <class 'str'>,,,,,,,,
문구(가격포함),cell,3,P3,페이지사양_최소,,,Values must be of type <class 'str'>,,,,,,,,
문구(가격포함),cell,3,Q3,페이지사양_최대,,,Values must be of type <class 'str'>,,,,,,,,
문구(가격포함),cell,3,R3,페이지사양_증가,,,Values must be of type <class 'str'>,,,,,,,,
문구(가격포함),cell,3,V3,표지파일사양_파일명약어,,,Values must be of type <class 'str'>,,,,,,,,
문구(가격포함),cell,3,W3,표지파일사양_출력파일,,,Values must be of type <class 'str'>,,,,,,,,
문구(가격포함),cell,3,Y3,표지사양,,,Values must be of type <class 'str'>,,,,,,,,
문구(가격포함),cell,3,Z3,표지인쇄사양,,,Values must be of type <class 'str'>,,,,,,,,
문구(가격포함),cell,3,AB3,제본사양,,,Values must be of type <class 'str'>,,,,,,,,
문구(가격포함),cell,3,AC3,가격,,,Values must be of type <class 'str'>,,,,,,,,
문구(가격포함),cell,3,AD3,제작수량(필수)_최소,,,Values must be of type <class 'str'>,,,,,,,,
문구(가격포함),cell,3,AE3,제작수량(필수)_최대,,,Values must be of type <class 'str'>,,,,,,,,
문구(가격포함),cell,3,AF3,제작수량(필수)_증가,,,Values must be of type <class 'str'>,,,,,,,,
문구(가격포함),cell,3,AG3,주문방법(필수)_업로드,,,Values must be of type <class 'str'>,,,,,,,,
문구(가격포함),cell,3,AH3,주문방법(필수)_편집기,,,Values must be of type <class 'str'>,,,,,,,,
문구(가격포함),cell,3,AI3,개별포장(옵션),,,Values must be of type <class 'str'>,,,,,,,,
문구(가격포함),cell,3,AJ3,구간할인적용테이블,,,Values must be of type <class 'str'>,,,,,,,,
문구(가격포함),cell,3,AK3,COMMENT,,,FFFF9900,,,,,,,,
문구(가격포함),cell,4,A4,구분,,,Values must be of type <class 'str'>,,,,,,,,
문구(가격포함),cell,4,B4,ID,,,Values must be of type <class 'str'>,,,,,,,,
문구(가격포함),cell,4,C4,MES ITEM_CD,,,Values must be of type <class 'str'>,,,,,,,,
문구(가격포함),cell,4,D4,상품명,,,Values must be of type <class 'str'>,,,,,,,,
문구(가격포함),cell,4,E4,사이즈(필수),,,Values must be of type <class 'str'>,,,,,,,,
문구(가격포함),cell,4,F4,내지파일사양_MES ITEM_CD,,,Values must be of type <class 'str'>,,,,,,,,
문구(가격포함),cell,4,G4,내지파일사양_블리드,,,Values must be of type <class 'str'>,,,,,,,,
문구(가격포함),cell,4,H4,내지파일사양_작업사이즈,,,Values must be of type <class 'str'>,,,,,,,,
문구(가격포함),cell,4,I4,내지파일사양_재단사이즈,,,Values must be of type <class 'str'>,,,,,,,,
문구(가격포함),cell,4,J4,내지파일사양_파일명약어,,,Values must be of type <class 'str'>,,,,,,,,
문구(가격포함),cell,4,K4,내지파일사양_출력파일,,,Values must be of type <class 'str'>,,,,,,,,
문구(가격포함),cell,4,L4,내지파일사양_폴더,,,Values must be of type <class 'str'>,,,,,,,,
문구(가격포함),cell,4,M4,내지(옵션),,,Values must be of type <class 'str'>,,,,,,,,
문구(가격포함),cell,4,N4,종이(옵션),,,Values must be of type <class 'str'>,,,,,,,,
문구(가격포함),cell,4,P4,페이지사양_최소,,,Values must be of type <class 'str'>,,,,,,,,
문구(가격포함),cell,4,Q4,페이지사양_최대,,,Values must be of type <class 'str'>,,,,,,,,
문구(가격포함),cell,4,R4,페이지사양_증가,,,Values must be of type <class 'str'>,,,,,,,,
문구(가격포함),cell,4,S4,표지파일사양_MES ITEM_CD,,,Values must be of type <class 'str'>,,,,,,,,
문구(가격포함),cell,4,T4,표지파일사양_블리드,,,Values must be of type <class 'str'>,,,,,,,,
문구(가격포함),cell,4,U4,표지파일사양_작업사이즈,,,Values must be of type <class 'str'>,,,,,,,,
문구(가격포함),cell,4,V4,표지파일사양_파일명약어,,,Values must be of type <class 'str'>,,,,,,,,
문구(가격포함),cell,4,W4,표지파일사양_출력파일,,,Values must be of type <class 'str'>,,,,,,,,
문구(가격포함),cell,4,Y4,표지사양,,,Values must be of type <class 'str'>,,,,,,,,
문구(가격포함),cell,4,Z4,표지인쇄사양,,,Values must be of type <class 'str'>,,,,,,,,
문구(가격포함),cell,4,AB4,제본사양,,,Values must be of type <class 'str'>,,,,,,,,
문구(가격포함),cell,4,AC4,가격,,,Values must be of type <class 'str'>,,,,,,,,
문구(가격포함),cell,4,AD4,제작수량(필수)_최소,,,Values must be of type <class 'str'>,,,,,,,,
문구(가격포함),cell,4,AE4,제작수량(필수)_최대,,,Values must be of type <class 'str'>,,,,,,,,
문구(가격포함),cell,4,AF4,제작수량(필수)_증가,,,Values must be of type <class 'str'>,,,,,,,,
문구(가격포함),cell,4,AG4,주문방법(필수)_업로드,,,Values must be of type <class 'str'>,,,,,,,,
문구(가격포함),cell,4,AH4,주문방법(필수)_편집기,,,Values must be of type <class 'str'>,,,,,,,,
문구(가격포함),cell,4,AI4,개별포장(옵션),,,Values must be of type <class 'str'>,,,,,,,,
문구(가격포함),cell,4,AJ4,구간할인적용테이블,,,FFFF9900,,,,,,,,
문구(가격포함),cell,4,AK4,COMMENT,,,FFFF9900,,,,,,,,
문구(가격포함),cell,5,A5,구분,,,Values must be of type <class 'str'>,,,,,,,,
문구(가격포함),cell,5,B5,ID,,,Values must be of type <class 'str'>,,,,,,,,
문구(가격포함),cell,5,C5,MES ITEM_CD,,,Values must be of type <class 'str'>,,,,,,,,
문구(가격포함),cell,5,D5,상품명,,,Values must be of type <class 'str'>,,,,,,,,
문구(가격포함),cell,5,E5,사이즈(필수),,,Values must be of type <class 'str'>,,,,,,,,
문구(가격포함),cell,5,F5,내지파일사양_MES ITEM_CD,,,Values must be of type <class 'str'>,,,,,,,,
문구(가격포함),cell,5,G5,내지파일사양_블리드,,,Values must be of type <class 'str'>,,,,,,,,
문구(가격포함),cell,5,H5,내지파일사양_작업사이즈,,,Values must be of type <class 'str'>,,,,,,,,
문구(가격포함),cell,5,I5,내지파일사양_재단사이즈,,,Values must be of type <class 'str'>,,,,,,,,
문구(가격포함),cell,5,J5,내지파일사양_파일명약어,,,Values must be of type <class 'str'>,,,,,,,,
문구(가격포함),cell,5,K5,내지파일사양_출력파일,,,Values must be of type <class 'str'>,,,,,,,,
문구(가격포함),cell,5,L5,내지파일사양_폴더,,,Values must be of type <class 'str'>,,,,,,,,
문구(가격포함),cell,5,M5,내지(옵션),,,Values must be of type <class 'str'>,,,,,,,,
문구(가격포함),cell,5,N5,종이(옵션),,,Values must be of type <class 'str'>,,,,,,,,
문구(가격포함),cell,5,O5,내지인쇄사양,,,Values must be of type <class 'str'>,,,,,,,,
문구(가격포함),cell,5,P5,페이지사양_최소,,,Values must be of type <class 'str'>,,,,,,,,
문구(가격포함),cell,5,Q5,페이지사양_최대,,,Values must be of type <class 'str'>,,,,,,,,
문구(가격포함),cell,5,R5,페이지사양_증가,,,Values must be of type <class 'str'>,,,,,,,,
문구(가격포함),cell,5,S5,표지파일사양_MES ITEM_CD,,,Values must be of type <class 'str'>,,,,,,,,
문구(가격포함),cell,5,T5,표지파일사양_블리드,,,Values must be of type <class 'str'>,,,,,,,,
문구(가격포함),cell,5,U5,표지파일사양_작업사이즈,,,Values must be of type <class 'str'>,,,,,,,,
문구(가격포함),cell,5,V5,표지파일사양_파일명약어,,,Values must be of type <class 'str'>,,,,,,,,
문구(가격포함),cell,5,W5,표지파일사양_출력파일,,,Values must be of type <class 'str'>,,,,,,,,
문구(가격포함),cell,5,X5,표지파일사양_폴더,,,Values must be of type <class 'str'>,,,,,,,,
문구(가격포함),cell,5,Y5,표지사양,,,Values must be of type <class 'str'>,,,,,,,,
문구(가격포함),cell,5,Z5,표지인쇄사양,,,Values must be of type <class 'str'>,,,,,,,,
문구(가격포함),cell,5,AA5,제본옵션(옵션),,,Values must be of type <class 'str'>,,,,,,,,
문구(가격포함),cell,5,AB5,제본사양,,,Values must be of type <class 'str'>,,,,,,,,
문구(가격포함),cell,5,AC5,가격,,,Values must be of type <class 'str'>,,,,,,,,
문구(가격포함),cell,5,AD5,제작수량(필수)_최소,,,Values must be of type <class 'str'>,,,,,,,,
문구(가격포함),cell,5,AE5,제작수량(필수)_최대,,,Values must be of type <class 'str'>,,,,,,,,
문구(가격포함),cell,5,AF5,제작수량(필수)_증가,,,Values must be of type <class 'str'>,,,,,,,,
문구(가격포함),cell,5,AG5,주문방법(필수)_업로드,,,Values must be of type <class 'str'>,,,,,,,,
문구(가격포함),cell,5,AH5,주문방법(필수)_편집기,,,Values must be of type <class 'str'>,,,,,,,,
문구(가격포함),cell,5,AI5,개별포장(옵션),,,Values must be of type <class 'str'>,,,,,,,,
문구(가격포함),cell,5,AJ5,구간할인적용테이블,,,FFFF9900,,,,,,,,
문구(가격포함),cell,5,AK5,COMMENT,,,FFFF9900,,,,,,,,
문구(가격포함),cell,6,A6,구분,,,Values must be of type <class 'str'>,,,,,,,,
문구(가격포함),cell,6,B6,ID,,,Values must be of type <class 'str'>,,,,,,,,
문구(가격포함),cell,6,C6,MES ITEM_CD,,,Values must be of type <class 'str'>,,,,,,,,
문구(가격포함),cell,6,D6,상품명,,,Values must be of type <class 'str'>,,,,,,,,
문구(가격포함),cell,6,E6,사이즈(필수),,,Values must be of type <class 'str'>,,,,,,,,
문구(가격포함),cell,6,F6,내지파일사양_MES ITEM_CD,,,Values must be of type <class 'str'>,,,,,,,,
문구(가격포함),cell,6,G6,내지파일사양_블리드,,,Values must be of type <class 'str'>,,,,,,,,
문구(가격포함),cell,6,H6,내지파일사양_작업사이즈,,,Values must be of type <class 'str'>,,,,,,,,
문구(가격포함),cell,6,I6,내지파일사양_재단사이즈,,,Values must be of type <class 'str'>,,,,,,,,
문구(가격포함),cell,6,J6,내지파일사양_파일명약어,,,Values must be of type <class 'str'>,,,,,,,,
문구(가격포함),cell,6,K6,내지파일사양_출력파일,,,Values must be of type <class 'str'>,,,,,,,,
문구(가격포함),cell,6,L6,내지파일사양_폴더,,,Values must be of type <class 'str'>,,,,,,,,
문구(가격포함),cell,6,M6,내지(옵션),,,Values must be of type <class 'str'>,,,,,,,,
문구(가격포함),cell,6,N6,종이(옵션),,,Values must be of type <class 'str'>,,,,,,,,
문구(가격포함),cell,6,O6,내지인쇄사양,,,Values must be of type <class 'str'>,,,,,,,,
문구(가격포함),cell,6,P6,페이지사양_최소,,,Values must be of type <class 'str'>,,,,,,,,
문구(가격포함),cell,6,Q6,페이지사양_최대,,,Values must be of type <class 'str'>,,,,,,,,
문구(가격포함),cell,6,R6,페이지사양_증가,,,Values must be of type <class 'str'>,,,,,,,,
문구(가격포함),cell,6,S6,표지파일사양_MES ITEM_CD,,,Values must be of type <class 'str'>,,,,,,,,
문구(가격포함),cell,6,T6,표지파일사양_블리드,,,Values must be of type <class 'str'>,,,,,,,,
문구(가격포함),cell,6,U6,표지파일사양_작업사이즈,,,Values must be of type <class 'str'>,,,,,,,,
문구(가격포함),cell,6,V6,표지파일사양_파일명약어,,,Values must be of type <class 'str'>,,,,,,,,
문구(가격포함),cell,6,W6,표지파일사양_출력파일,,,Values must be of type <class 'str'>,,,,,,,,
문구(가격포함),cell,6,X6,표지파일사양_폴더,,,Values must be of type <class 'str'>,,,,,,,,
문구(가격포함),cell,6,Y6,표지사양,,,Values must be of type <class 'str'>,,,,,,,,
문구(가격포함),cell,6,Z6,표지인쇄사양,,,Values must be of type <class 'str'>,,,,,,,,
문구(가격포함),cell,6,AA6,제본옵션(옵션),,,Values must be of type <class 'str'>,,,,,,,,
문구(가격포함),cell,6,AB6,제본사양,,,Values must be of type <class 'str'>,,,,,,,,
문구(가격포함),cell,6,AC6,가격,,,Values must be of type <class 'str'>,,,,,,,,
문구(가격포함),cell,6,AD6,제작수량(필수)_최소,,,Values must be of type <class 'str'>,,,,,,,,
문구(가격포함),cell,6,AE6,제작수량(필수)_최대,,,Values must be of type <class 'str'>,,,,,,,,
문구(가격포함),cell,6,AF6,제작수량(필수)_증가,,,Values must be of type <class 'str'>,,,,,,,,
문구(가격포함),cell,6,AG6,주문방법(필수)_업로드,,,Values must be of type <class 'str'>,,,,,,,,
문구(가격포함),cell,6,AH6,주문방법(필수)_편집기,,,Values must be of type <class 'str'>,,,,,,,,
문구(가격포함),cell,6,AI6,개별포장(옵션),,,Values must be of type <class 'str'>,,,,,,,,
문구(가격포함),cell,6,AJ6,구간할인적용테이블,,,FFFF9900,,,,,,,,
문구(가격포함),cell,6,AK6,COMMENT,,,FFFF9900,,,,,,,,
문구(가격포함),cell,8,A8,구분,,,Values must be of type <class 'str'>,,,,,,,,
문구(가격포함),cell,8,B8,ID,,,Values must be of type <class 'str'>,,,,,,,,
문구(가격포함),cell,8,C8,MES ITEM_CD,,,Values must be of type <class 'str'>,,,,,,,,
문구(가격포함),cell,8,D8,상품명,,,Values must be of type <class 'str'>,,,,,,,,
문구(가격포함),cell,8,E8,사이즈(필수),,,Values must be of type <class 'str'>,,,,,,,,
문구(가격포함),cell,8,I8,내지파일사양_재단사이즈,,,Values must be of type <class 'str'>,,,,,,,,
문구(가격포함),cell,8,J8,내지파일사양_파일명약어,,,Values must be of type <class 'str'>,,,,,,,,
문구(가격포함),cell,8,K8,내지파일사양_출력파일,,,Values must be of type <class 'str'>,,,,,,,,
문구(가격포함),cell,8,L8,내지파일사양_폴더,,,Values must be of type <class 'str'>,,,,,,,,
문구(가격포함),cell,8,M8,내지(옵션),,,Values must be of type <class 'str'>,,,,,,,,
문구(가격포함),cell,8,N8,종이(옵션),,,FFCCCCCC,,,,,,,,
문구(가격포함),cell,8,O8,내지인쇄사양,,,Values must be of type <class 'str'>,,,,,,,,
문구(가격포함),cell,8,P8,페이지사양_최소,,,Values must be of type <class 'str'>,,,,,,,,
문구(가격포함),cell,8,Q8,페이지사양_최대,,,Values must be of type <class 'str'>,,,,,,,,
문구(가격포함),cell,8,R8,페이지사양_증가,,,Values must be of type <class 'str'>,,,,,,,,
문구(가격포함),cell,8,S8,표지파일사양_MES ITEM_CD,,,Values must be of type <class 'str'>,,,,,,,,
문구(가격포함),cell,8,T8,표지파일사양_블리드,,,Values must be of type <class 'str'>,,,,,,,,
문구(가격포함),cell,8,V8,표지파일사양_파일명약어,,,Values must be of type <class 'str'>,,,,,,,,
문구(가격포함),cell,8,W8,표지파일사양_출력파일,,,Values must be of type <class 'str'>,,,,,,,,
문구(가격포함),cell,8,Y8,표지사양,,,Values must be of type <class 'str'>,,,,,,,,
문구(가격포함),cell,8,Z8,표지인쇄사양,,,Values must be of type <class 'str'>,,,,,,,,
문구(가격포함),cell,8,AA8,제본옵션(옵션),,,Values must be of type <class 'str'>,,,,,,,,
문구(가격포함),cell,8,AB8,제본사양,,,Values must be of type <class 'str'>,,,,,,,,
문구(가격포함),cell,8,AC8,가격,,,Values must be of type <class 'str'>,,,,,,,,
문구(가격포함),cell,8,AD8,제작수량(필수)_최소,,,Values must be of type <class 'str'>,,,,,,,,
문구(가격포함),cell,8,AE8,제작수량(필수)_최대,,,Values must be of type <class 'str'>,,,,,,,,
문구(가격포함),cell,8,AF8,제작수량(필수)_증가,,,Values must be of type <class 'str'>,,,,,,,,
문구(가격포함),cell,8,AG8,주문방법(필수)_업로드,,,Values must be of type <class 'str'>,,,,,,,,
문구(가격포함),cell,8,AH8,주문방법(필수)_편집기,,,Values must be of type <class 'str'>,,,,,,,,
문구(가격포함),cell,8,AI8,개별포장(옵션),,,Values must be of type <class 'str'>,,,,,,,,
문구(가격포함),cell,8,AJ8,구간할인적용테이블,,,Values must be of type <class 'str'>,,,,,,,,
문구(가격포함),cell,8,AK8,COMMENT,,,FFFF9900,,,,,,,,
문구(가격포함),cell,10,A10,구분,,,Values must be of type <class 'str'>,,,,,,,,
문구(가격포함),cell,10,B10,ID,,,Values must be of type <class 'str'>,,,,,,,,
문구(가격포함),cell,10,C10,MES ITEM_CD,,,Values must be of type <class 'str'>,,,,,,,,
문구(가격포함),cell,10,D10,상품명,,,Values must be of type <class 'str'>,,,,,,,,
문구(가격포함),cell,10,E10,사이즈(필수),,,Values must be of type <class 'str'>,,,,,,,,
문구(가격포함),cell,10,I10,내지파일사양_재단사이즈,,,Values must be of type <class 'str'>,,,,,,,,
문구(가격포함),cell,10,J10,내지파일사양_파일명약어,,,Values must be of type <class 'str'>,,,,,,,,
문구(가격포함),cell,10,K10,내지파일사양_출력파일,,,Values must be of type <class 'str'>,,,,,,,,
문구(가격포함),cell,10,L10,내지파일사양_폴더,,,Values must be of type <class 'str'>,,,,,,,,
문구(가격포함),cell,10,M10,내지(옵션),,,Values must be of type <class 'str'>,,,,,,,,
문구(가격포함),cell,10,N10,종이(옵션),,,FFCCCCCC,,,,,,,,
문구(가격포함),cell,10,O10,내지인쇄사양,,,Values must be of type <class 'str'>,,,,,,,,
문구(가격포함),cell,10,P10,페이지사양_최소,,,Values must be of type <class 'str'>,,,,,,,,
문구(가격포함),cell,10,Q10,페이지사양_최대,,,Values must be of type <class 'str'>,,,,,,,,
문구(가격포함),cell,10,R10,페이지사양_증가,,,Values must be of type <class 'str'>,,,,,,,,
문구(가격포함),cell,10,S10,표지파일사양_MES ITEM_CD,,,Values must be of type <class 'str'>,,,,,,,,
문구(가격포함),cell,10,T10,표지파일사양_블리드,,,Values must be of type <class 'str'>,,,,,,,,
문구(가격포함),cell,10,V10,표지파일사양_파일명약어,,,Values must be of type <class 'str'>,,,,,,,,
문구(가격포함),cell,10,W10,표지파일사양_출력파일,,,Values must be of type <class 'str'>,,,,,,,,
문구(가격포함),cell,10,Y10,표지사양,,,Values must be of type <class 'str'>,,,,,,,,
문구(가격포함),cell,10,Z10,표지인쇄사양,,,Values must be of type <class 'str'>,,,,,,,,
문구(가격포함),cell,10,AA10,제본옵션(옵션),,,Values must be of type <class 'str'>,,,,,,,,
문구(가격포함),cell,10,AB10,제본사양,,,Values must be of type <class 'str'>,,,,,,,,
문구(가격포함),cell,10,AC10,가격,,,Values must be of type <class 'str'>,,,,,,,,
문구(가격포함),cell,10,AD10,제작수량(필수)_최소,,,Values must be of type <class 'str'>,,,,,,,,
문구(가격포함),cell,10,AE10,제작수량(필수)_최대,,,Values must be of type <class 'str'>,,,,,,,,
문구(가격포함),cell,10,AF10,제작수량(필수)_증가,,,Values must be of type <class 'str'>,,,,,,,,
문구(가격포함),cell,10,AG10,주문방법(필수)_업로드,,,Values must be of type <class 'str'>,,,,,,,,
문구(가격포함),cell,10,AH10,주문방법(필수)_편집기,,,Values must be of type <class 'str'>,,,,,,,,
문구(가격포함),cell,10,AI10,개별포장(옵션),,,Values must be of type <class 'str'>,,,,,,,,
문구(가격포함),cell,10,AJ10,구간할인적용테이블,,,Values must be of type <class 'str'>,,,,,,,,
문구(가격포함),cell,10,AK10,COMMENT,,,FFFF9900,,,,,,,,
문구(가격포함),cell,11,A11,구분,,,Values must be of type <class 'str'>,,,,,,,,
문구(가격포함),cell,11,B11,ID,,,Values must be of type <class 'str'>,,,,,,,,
문구(가격포함),cell,11,C11,MES ITEM_CD,,,Values must be of type <class 'str'>,,,,,,,,
문구(가격포함),cell,11,D11,상품명,,,Values must be of type <class 'str'>,,,,,,,,
문구(가격포함),cell,11,E11,사이즈(필수),,,Values must be of type <class 'str'>,,,,,,,,
문구(가격포함),cell,11,I11,내지파일사양_재단사이즈,,,Values must be of type <class 'str'>,,,,,,,,
문구(가격포함),cell,11,J11,내지파일사양_파일명약어,,,Values must be of type <class 'str'>,,,,,,,,
문구(가격포함),cell,11,K11,내지파일사양_출력파일,,,Values must be of type <class 'str'>,,,,,,,,
문구(가격포함),cell,11,L11,내지파일사양_폴더,,,Values must be of type <class 'str'>,,,,,,,,
문구(가격포함),cell,11,M11,내지(옵션),,,Values must be of type <class 'str'>,,,,,,,,
문구(가격포함),cell,11,N11,종이(옵션),,,FFCCCCCC,,,,,,,,
문구(가격포함),cell,11,O11,내지인쇄사양,,,Values must be of type <class 'str'>,,,,,,,,
문구(가격포함),cell,11,P11,페이지사양_최소,,,Values must be of type <class 'str'>,,,,,,,,
문구(가격포함),cell,11,Q11,페이지사양_최대,,,Values must be of type <class 'str'>,,,,,,,,
문구(가격포함),cell,11,R11,페이지사양_증가,,,Values must be of type <class 'str'>,,,,,,,,
문구(가격포함),cell,11,S11,표지파일사양_MES ITEM_CD,,,Values must be of type <class 'str'>,,,,,,,,
문구(가격포함),cell,11,T11,표지파일사양_블리드,,,Values must be of type <class 'str'>,,,,,,,,
문구(가격포함),cell,11,V11,표지파일사양_파일명약어,,,Values must be of type <class 'str'>,,,,,,,,
문구(가격포함),cell,11,W11,표지파일사양_출력파일,,,Values must be of type <class 'str'>,,,,,,,,
문구(가격포함),cell,11,Y11,표지사양,,,Values must be of type <class 'str'>,,,,,,,,
문구(가격포함),cell,11,Z11,표지인쇄사양,,,Values must be of type <class 'str'>,,,,,,,,
문구(가격포함),cell,11,AA11,제본옵션(옵션),,,Values must be of type <class 'str'>,,,,,,,,
문구(가격포함),cell,11,AB11,제본사양,,,Values must be of type <class 'str'>,,,,,,,,
문구(가격포함),cell,11,AC11,가격,,,Values must be of type <class 'str'>,,,,,,,,
문구(가격포함),cell,11,AD11,제작수량(필수)_최소,,,Values must be of type <class 'str'>,,,,,,,,
문구(가격포함),cell,11,AE11,제작수량(필수)_최대,,,Values must be of type <class 'str'>,,,,,,,,
문구(가격포함),cell,11,AF11,제작수량(필수)_증가,,,Values must be of type <class 'str'>,,,,,,,,
문구(가격포함),cell,11,AG11,주문방법(필수)_업로드,,,Values must be of type <class 'str'>,,,,,,,,
문구(가격포함),cell,11,AH11,주문방법(필수)_편집기,,,Values must be of type <class 'str'>,,,,,,,,
문구(가격포함),cell,11,AI11,개별포장(옵션),,,Values must be of type <class 'str'>,,,,,,,,
문구(가격포함),cell,11,AJ11,구간할인적용테이블,,,FFFF9900,,,,,,,,
문구(가격포함),cell,11,AK11,COMMENT,,,FFFF9900,,,,,,,,
문구(가격포함),cell,12,A12,구분,,,Values must be of type <class 'str'>,,,,,,,,
문구(가격포함),cell,12,B12,ID,,,Values must be of type <class 'str'>,,,,,,,,
문구(가격포함),cell,12,C12,MES ITEM_CD,,,Values must be of type <class 'str'>,,,,,,,,
문구(가격포함),cell,12,D12,상품명,,,Values must be of type <class 'str'>,,,,,,,,
문구(가격포함),cell,12,E12,사이즈(필수),,,Values must be of type <class 'str'>,,,,,,,,
문구(가격포함),cell,12,I12,내지파일사양_재단사이즈,,,Values must be of type <class 'str'>,,,,,,,,
문구(가격포함),cell,12,J12,내지파일사양_파일명약어,,,Values must be of type <class 'str'>,,,,,,,,
문구(가격포함),cell,12,K12,내지파일사양_출력파일,,,Values must be of type <class 'str'>,,,,,,,,
문구(가격포함),cell,12,L12,내지파일사양_폴더,,,Values must be of type <class 'str'>,,,,,,,,
문구(가격포함),cell,12,M12,내지(옵션),,,Values must be of type <class 'str'>,,,,,,,,
문구(가격포함),cell,12,N12,종이(옵션),,,FFCCCCCC,,,,,,,,
문구(가격포함),cell,12,O12,내지인쇄사양,,,Values must be of type <class 'str'>,,,,,,,,
문구(가격포함),cell,12,P12,페이지사양_최소,,,Values must be of type <class 'str'>,,,,,,,,
문구(가격포함),cell,12,Q12,페이지사양_최대,,,Values must be of type <class 'str'>,,,,,,,,
문구(가격포함),cell,12,R12,페이지사양_증가,,,Values must be of type <class 'str'>,,,,,,,,
문구(가격포함),cell,12,S12,표지파일사양_MES ITEM_CD,,,Values must be of type <class 'str'>,,,,,,,,
문구(가격포함),cell,12,T12,표지파일사양_블리드,,,Values must be of type <class 'str'>,,,,,,,,
문구(가격포함),cell,12,V12,표지파일사양_파일명약어,,,Values must be of type <class 'str'>,,,,,,,,
문구(가격포함),cell,12,W12,표지파일사양_출력파일,,,Values must be of type <class 'str'>,,,,,,,,
문구(가격포함),cell,12,Y12,표지사양,,,Values must be of type <class 'str'>,,,,,,,,
문구(가격포함),cell,12,Z12,표지인쇄사양,,,Values must be of type <class 'str'>,,,,,,,,
문구(가격포함),cell,12,AA12,제본옵션(옵션),,,Values must be of type <class 'str'>,,,,,,,,
문구(가격포함),cell,12,AB12,제본사양,,,Values must be of type <class 'str'>,,,,,,,,
문구(가격포함),cell,12,AC12,가격,,,Values must be of type <class 'str'>,,,,,,,,
문구(가격포함),cell,12,AD12,제작수량(필수)_최소,,,Values must be of type <class 'str'>,,,,,,,,
문구(가격포함),cell,12,AE12,제작수량(필수)_최대,,,Values must be of type <class 'str'>,,,,,,,,
문구(가격포함),cell,12,AF12,제작수량(필수)_증가,,,Values must be of type <class 'str'>,,,,,,,,
문구(가격포함),cell,12,AG12,주문방법(필수)_업로드,,,Values must be of type <class 'str'>,,,,,,,,
문구(가격포함),cell,12,AH12,주문방법(필수)_편집기,,,Values must be of type <class 'str'>,,,,,,,,
문구(가격포함),cell,12,AI12,개별포장(옵션),,,Values must be of type <class 'str'>,,,,,,,,
문구(가격포함),cell,12,AJ12,구간할인적용테이블,,,Values must be of type <class 'str'>,,,,,,,,
문구(가격포함),cell,12,AK12,COMMENT,,,FFFF9900,,,,,,,,
문구(가격포함),cell,14,A14,구분,,,Values must be of type <class 'str'>,,,,,,,,
문구(가격포함),cell,14,B14,ID,,,Values must be of type <class 'str'>,,,,,,,,
문구(가격포함),cell,14,C14,MES ITEM_CD,,,Values must be of type <class 'str'>,,,,,,,,
문구(가격포함),cell,14,D14,상품명,,,Values must be of type <class 'str'>,,,,,,,,
문구(가격포함),cell,14,E14,사이즈(필수),,,Values must be of type <class 'str'>,,,,,,,,
문구(가격포함),cell,14,I14,내지파일사양_재단사이즈,,,Values must be of type <class 'str'>,,,,,,,,
문구(가격포함),cell,14,J14,내지파일사양_파일명약어,,,Values must be of type <class 'str'>,,,,,,,,
문구(가격포함),cell,14,K14,내지파일사양_출력파일,,,Values must be of type <class 'str'>,,,,,,,,
문구(가격포함),cell,14,L14,내지파일사양_폴더,,,Values must be of type <class 'str'>,,,,,,,,
문구(가격포함),cell,14,M14,내지(옵션),,,Values must be of type <class 'str'>,,,,,,,,
문구(가격포함),cell,14,N14,종이(옵션),,,FFCCCCCC,,,,,,,,
문구(가격포함),cell,14,O14,내지인쇄사양,,,Values must be of type <class 'str'>,,,,,,,,
문구(가격포함),cell,14,P14,페이지사양_최소,,,Values must be of type <class 'str'>,,,,,,,,
문구(가격포함),cell,14,Q14,페이지사양_최대,,,Values must be of type <class 'str'>,,,,,,,,
문구(가격포함),cell,14,R14,페이지사양_증가,,,Values must be of type <class 'str'>,,,,,,,,
문구(가격포함),cell,14,S14,표지파일사양_MES ITEM_CD,,,Values must be of type <class 'str'>,,,,,,,,
문구(가격포함),cell,14,T14,표지파일사양_블리드,,,Values must be of type <class 'str'>,,,,,,,,
문구(가격포함),cell,14,V14,표지파일사양_파일명약어,,,Values must be of type <class 'str'>,,,,,,,,
문구(가격포함),cell,14,W14,표지파일사양_출력파일,,,Values must be of type <class 'str'>,,,,,,,,
문구(가격포함),cell,14,Y14,표지사양,,,Values must be of type <class 'str'>,,,,,,,,
문구(가격포함),cell,14,Z14,표지인쇄사양,,,Values must be of type <class 'str'>,,,,,,,,
문구(가격포함),cell,14,AA14,제본옵션(옵션),,,Values must be of type <class 'str'>,,,,,,,,
문구(가격포함),cell,14,AB14,제본사양,,,Values must be of type <class 'str'>,,,,,,,,
문구(가격포함),cell,14,AC14,가격,,,Values must be of type <class 'str'>,,,,,,,,
문구(가격포함),cell,14,AD14,제작수량(필수)_최소,,,Values must be of type <class 'str'>,,,,,,,,
문구(가격포함),cell,14,AE14,제작수량(필수)_최대,,,Values must be of type <class 'str'>,,,,,,,,
문구(가격포함),cell,14,AF14,제작수량(필수)_증가,,,Values must be of type <class 'str'>,,,,,,,,
문구(가격포함),cell,14,AG14,주문방법(필수)_업로드,,,Values must be of type <class 'str'>,,,,,,,,
문구(가격포함),cell,14,AH14,주문방법(필수)_편집기,,,Values must be of type <class 'str'>,,,,,,,,
문구(가격포함),cell,14,AI14,개별포장(옵션),,,Values must be of type <class 'str'>,,,,,,,,
문구(가격포함),cell,14,AJ14,구간할인적용테이블,,,Values must be of type <class 'str'>,,,,,,,,
문구(가격포함),cell,14,AK14,COMMENT,,,FFFF9900,,,,,,,,
문구(가격포함),cell,15,A15,구분,,,Values must be of type <class 'str'>,,,,,,,,
문구(가격포함),cell,15,B15,ID,,,Values must be of type <class 'str'>,,,,,,,,
문구(가격포함),cell,15,C15,MES ITEM_CD,,,Values must be of type <class 'str'>,,,,,,,,
문구(가격포함),cell,15,D15,상품명,,,Values must be of type <class 'str'>,,,,,,,,
문구(가격포함),cell,15,E15,사이즈(필수),,,Values must be of type <class 'str'>,,,,,,,,
문구(가격포함),cell,15,I15,내지파일사양_재단사이즈,,,Values must be of type <class 'str'>,,,,,,,,
문구(가격포함),cell,15,J15,내지파일사양_파일명약어,,,Values must be of type <class 'str'>,,,,,,,,
문구(가격포함),cell,15,K15,내지파일사양_출력파일,,,Values must be of type <class 'str'>,,,,,,,,
문구(가격포함),cell,15,L15,내지파일사양_폴더,,,Values must be of type <class 'str'>,,,,,,,,
문구(가격포함),cell,15,M15,내지(옵션),,,Values must be of type <class 'str'>,,,,,,,,
문구(가격포함),cell,15,N15,종이(옵션),,,FFCCCCCC,,,,,,,,
문구(가격포함),cell,15,O15,내지인쇄사양,,,Values must be of type <class 'str'>,,,,,,,,
문구(가격포함),cell,15,P15,페이지사양_최소,,,Values must be of type <class 'str'>,,,,,,,,
문구(가격포함),cell,15,Q15,페이지사양_최대,,,Values must be of type <class 'str'>,,,,,,,,
문구(가격포함),cell,15,R15,페이지사양_증가,,,Values must be of type <class 'str'>,,,,,,,,
문구(가격포함),cell,15,S15,표지파일사양_MES ITEM_CD,,,Values must be of type <class 'str'>,,,,,,,,
문구(가격포함),cell,15,T15,표지파일사양_블리드,,,Values must be of type <class 'str'>,,,,,,,,
문구(가격포함),cell,15,V15,표지파일사양_파일명약어,,,Values must be of type <class 'str'>,,,,,,,,
문구(가격포함),cell,15,W15,표지파일사양_출력파일,,,Values must be of type <class 'str'>,,,,,,,,
문구(가격포함),cell,15,Y15,표지사양,,,Values must be of type <class 'str'>,,,,,,,,
문구(가격포함),cell,15,Z15,표지인쇄사양,,,Values must be of type <class 'str'>,,,,,,,,
문구(가격포함),cell,15,AA15,제본옵션(옵션),,,Values must be of type <class 'str'>,,,,,,,,
문구(가격포함),cell,15,AB15,제본사양,,,Values must be of type <class 'str'>,,,,,,,,
문구(가격포함),cell,15,AC15,가격,,,Values must be of type <class 'str'>,,,,,,,,
문구(가격포함),cell,15,AD15,제작수량(필수)_최소,,,Values must be of type <class 'str'>,,,,,,,,
문구(가격포함),cell,15,AE15,제작수량(필수)_최대,,,Values must be of type <class 'str'>,,,,,,,,
문구(가격포함),cell,15,AF15,제작수량(필수)_증가,,,Values must be of type <class 'str'>,,,,,,,,
문구(가격포함),cell,15,AG15,주문방법(필수)_업로드,,,Values must be of type <class 'str'>,,,,,,,,
문구(가격포함),cell,15,AH15,주문방법(필수)_편집기,,,Values must be of type <class 'str'>,,,,,,,,
문구(가격포함),cell,15,AI15,개별포장(옵션),,,Values must be of type <class 'str'>,,,,,,,,
문구(가격포함),cell,15,AJ15,구간할인적용테이블,,,Values must be of type <class 'str'>,,,,,,,,
문구(가격포함),cell,15,AK15,COMMENT,,,Values must be of type <class 'str'>,,,,,,,,
문구(가격포함),cell,17,A17,구분,,,Values must be of type <class 'str'>,,,,,,,,
문구(가격포함),cell,17,B17,ID,,,Values must be of type <class 'str'>,,,,,,,,
문구(가격포함),cell,17,C17,MES ITEM_CD,FFFFFF00,신규,Values must be of type <class 'str'>,,,,,,,,
문구(가격포함),cell,17,D17,상품명,FFFFFF00,신규,Values must be of type <class 'str'>,,,,,,,,
문구(가격포함),cell,17,E17,사이즈(필수),,,Values must be of type <class 'str'>,,,,,,,,
문구(가격포함),cell,17,I17,내지파일사양_재단사이즈,,,Values must be of type <class 'str'>,,,,,,,,
문구(가격포함),cell,17,J17,내지파일사양_파일명약어,,,Values must be of type <class 'str'>,,,,,,,,
문구(가격포함),cell,17,K17,내지파일사양_출력파일,,,Values must be of type <class 'str'>,,,,,,,,
문구(가격포함),cell,17,L17,내지파일사양_폴더,,,Values must be of type <class 'str'>,,,,,,,,
문구(가격포함),cell,17,M17,내지(옵션),,,Values must be of type <class 'str'>,,,,,,,,
문구(가격포함),cell,17,N17,종이(옵션),,,FFCCCCCC,,,,,,,,
문구(가격포함),cell,17,O17,내지인쇄사양,,,Values must be of type <class 'str'>,,,,,,,,
문구(가격포함),cell,17,P17,페이지사양_최소,,,Values must be of type <class 'str'>,,,,,,,,
문구(가격포함),cell,17,Q17,페이지사양_최대,,,Values must be of type <class 'str'>,,,,,,,,
문구(가격포함),cell,17,R17,페이지사양_증가,,,Values must be of type <class 'str'>,,,,,,,,
문구(가격포함),cell,17,S17,표지파일사양_MES ITEM_CD,,,Values must be of type <class 'str'>,,,,,,,,
문구(가격포함),cell,17,T17,표지파일사양_블리드,,,Values must be of type <class 'str'>,,,,,,,,
문구(가격포함),cell,17,V17,표지파일사양_파일명약어,,,Values must be of type <class 'str'>,,,,,,,,
문구(가격포함),cell,17,W17,표지파일사양_출력파일,,,Values must be of type <class 'str'>,,,,,,,,
문구(가격포함),cell,17,Y17,표지사양,,,Values must be of type <class 'str'>,,,,,,,,
문구(가격포함),cell,17,Z17,표지인쇄사양,,,Values must be of type <class 'str'>,,,,,,,,
문구(가격포함),cell,17,AA17,제본옵션(옵션),,,Values must be of type <class 'str'>,,,,,,,,
문구(가격포함),cell,17,AB17,제본사양,,,Values must be of type <class 'str'>,,,,,,,,
문구(가격포함),cell,17,AC17,가격,,,Values must be of type <class 'str'>,,,,,,,,
문구(가격포함),cell,17,AD17,제작수량(필수)_최소,,,Values must be of type <class 'str'>,,,,,,,,
문구(가격포함),cell,17,AE17,제작수량(필수)_최대,,,Values must be of type <class 'str'>,,,,,,,,
문구(가격포함),cell,17,AF17,제작수량(필수)_증가,,,Values must be of type <class 'str'>,,,,,,,,
문구(가격포함),cell,17,AG17,주문방법(필수)_업로드,,,Values must be of type <class 'str'>,,,,,,,,
문구(가격포함),cell,17,AH17,주문방법(필수)_편집기,,,Values must be of type <class 'str'>,,,,,,,,
문구(가격포함),cell,17,AI17,개별포장(옵션),,,Values must be of type <class 'str'>,,,,,,,,
문구(가격포함),cell,17,AJ17,구간할인적용테이블,,,Values must be of type <class 'str'>,,,,,,,,
문구(가격포함),cell,17,AK17,COMMENT,,,Values must be of type <class 'str'>,,,,,,,,
문구(가격포함),cell,19,A19,구분,,,Values must be of type <class 'str'>,,,,,,,,
문구(가격포함),cell,19,B19,ID,,,Values must be of type <class 'str'>,,,,,,,,
문구(가격포함),cell,19,C19,MES ITEM_CD,,,Values must be of type <class 'str'>,,,,,,,,
문구(가격포함),cell,19,D19,상품명,,,Values must be of type <class 'str'>,,,,,,,,
문구(가격포함),cell,19,E19,사이즈(필수),,,Values must be of type <class 'str'>,,,,,,,,
문구(가격포함),cell,19,I19,내지파일사양_재단사이즈,,,Values must be of type <class 'str'>,,,,,,,,
문구(가격포함),cell,19,J19,내지파일사양_파일명약어,,,Values must be of type <class 'str'>,,,,,,,,
문구(가격포함),cell,19,K19,내지파일사양_출력파일,,,Values must be of type <class 'str'>,,,,,,,,
문구(가격포함),cell,19,L19,내지파일사양_폴더,,,Values must be of type <class 'str'>,,,,,,,,
문구(가격포함),cell,19,M19,내지(옵션),,,Values must be of type <class 'str'>,,,,,,,,
문구(가격포함),cell,19,N19,종이(옵션),,,FFCCCCCC,,,,,,,,
문구(가격포함),cell,19,O19,내지인쇄사양,,,Values must be of type <class 'str'>,,,,,,,,
문구(가격포함),cell,19,P19,페이지사양_최소,,,Values must be of type <class 'str'>,,,,,,,,
문구(가격포함),cell,19,Q19,페이지사양_최대,,,Values must be of type <class 'str'>,,,,,,,,
문구(가격포함),cell,19,R19,페이지사양_증가,,,Values must be of type <class 'str'>,,,,,,,,
문구(가격포함),cell,19,S19,표지파일사양_MES ITEM_CD,,,Values must be of type <class 'str'>,,,,,,,,
문구(가격포함),cell,19,T19,표지파일사양_블리드,,,Values must be of type <class 'str'>,,,,,,,,
문구(가격포함),cell,19,V19,표지파일사양_파일명약어,,,Values must be of type <class 'str'>,,,,,,,,
문구(가격포함),cell,19,W19,표지파일사양_출력파일,,,Values must be of type <class 'str'>,,,,,,,,
문구(가격포함),cell,19,Y19,표지사양,,,Values must be of type <class 'str'>,,,,,,,,
문구(가격포함),cell,19,Z19,표지인쇄사양,,,Values must be of type <class 'str'>,,,,,,,,
문구(가격포함),cell,19,AA19,제본옵션(옵션),,,Values must be of type <class 'str'>,,,,,,,,
문구(가격포함),cell,19,AB19,제본사양,,,Values must be of type <class 'str'>,,,,,,,,
문구(가격포함),cell,19,AC19,가격,,,Values must be of type <class 'str'>,,,,,,,,
문구(가격포함),cell,19,AD19,제작수량(필수)_최소,,,Values must be of type <class 'str'>,,,,,,,,
문구(가격포함),cell,19,AE19,제작수량(필수)_최대,,,Values must be of type <class 'str'>,,,,,,,,
문구(가격포함),cell,19,AF19,제작수량(필수)_증가,,,Values must be of type <class 'str'>,,,,,,,,
문구(가격포함),cell,19,AG19,주문방법(필수)_업로드,,,Values must be of type <class 'str'>,,,,,,,,
문구(가격포함),cell,19,AH19,주문방법(필수)_편집기,,,Values must be of type <class 'str'>,,,,,,,,
문구(가격포함),cell,19,AI19,개별포장(옵션),,,Values must be of type <class 'str'>,,,,,,,,
문구(가격포함),cell,19,AJ19,구간할인적용테이블,,,Values must be of type <class 'str'>,,,,,,,,
문구(가격포함),cell,19,AK19,COMMENT,,,Values must be of type <class 'str'>,,,,,,,,
문구(가격포함),cell,21,A21,구분,,,Values must be of type <class 'str'>,,,,,,,,
문구(가격포함),cell,21,B21,ID,,,Values must be of type <class 'str'>,,,,,,,,
문구(가격포함),cell,21,C21,MES ITEM_CD,,,Values must be of type <class 'str'>,,,,,,,,
문구(가격포함),cell,21,D21,상품명,,,Values must be of type <class 'str'>,,,,,,,,
문구(가격포함),cell,21,E21,사이즈(필수),,,Values must be of type <class 'str'>,,,,,,,,
문구(가격포함),cell,21,F21,내지파일사양_MES ITEM_CD,,,Values must be of type <class 'str'>,,,,,,,,
문구(가격포함),cell,21,G21,내지파일사양_블리드,,,Values must be of type <class 'str'>,,,,,,,,
문구(가격포함),cell,21,I21,내지파일사양_재단사이즈,,,Values must be of type <class 'str'>,,,,,,,,
문구(가격포함),cell,21,J21,내지파일사양_파일명약어,,,Values must be of type <class 'str'>,,,,,,,,
문구(가격포함),cell,21,K21,내지파일사양_출력파일,,,Values must be of type <class 'str'>,,,,,,,,
문구(가격포함),cell,21,L21,내지파일사양_폴더,,,Values must be of type <class 'str'>,,,,,,,,
문구(가격포함),cell,21,M21,내지(옵션),,,Values must be of type <class 'str'>,,,,,,,,
문구(가격포함),cell,21,N21,종이(옵션),,,Values must be of type <class 'str'>,,,,,,,,
문구(가격포함),cell,21,O21,내지인쇄사양,,,Values must be of type <class 'str'>,,,,,,,,
문구(가격포함),cell,21,P21,페이지사양_최소,,,Values must be of type <class 'str'>,,,,,,,,
문구(가격포함),cell,21,Q21,페이지사양_최대,,,Values must be of type <class 'str'>,,,,,,,,
문구(가격포함),cell,21,R21,페이지사양_증가,,,Values must be of type <class 'str'>,,,,,,,,
문구(가격포함),cell,21,S21,표지파일사양_MES ITEM_CD,,,Values must be of type <class 'str'>,,,,,,,,
문구(가격포함),cell,21,T21,표지파일사양_블리드,,,Values must be of type <class 'str'>,,,,,,,,
문구(가격포함),cell,21,U21,표지파일사양_작업사이즈,,,Values must be of type <class 'str'>,,,,,,,,
문구(가격포함),cell,21,V21,표지파일사양_파일명약어,,,Values must be of type <class 'str'>,,,,,,,,
문구(가격포함),cell,21,W21,표지파일사양_출력파일,,,Values must be of type <class 'str'>,,,,,,,,
문구(가격포함),cell,21,X21,표지파일사양_폴더,,,Values must be of type <class 'str'>,,,,,,,,
문구(가격포함),cell,21,Y21,표지사양,,,Values must be of type <class 'str'>,,,,,,,,
문구(가격포함),cell,21,Z21,표지인쇄사양,,,Values must be of type <class 'str'>,,,,,,,,
문구(가격포함),cell,21,AA21,제본옵션(옵션),,,Values must be of type <class 'str'>,,,,,,,,
문구(가격포함),cell,21,AB21,제본사양,,,Values must be of type <class 'str'>,,,,,,,,
문구(가격포함),cell,21,AC21,가격,,,FFFF9900,,,,,,,,
문구(가격포함),cell,21,AD21,제작수량(필수)_최소,,,Values must be of type <class 'str'>,,,,,,,,
문구(가격포함),cell,21,AE21,제작수량(필수)_최대,,,Values must be of type <class 'str'>,,,,,,,,
문구(가격포함),cell,21,AF21,제작수량(필수)_증가,,,Values must be of type <class 'str'>,,,,,,,,
문구(가격포함),cell,21,AG21,주문방법(필수)_업로드,,,Values must be of type <class 'str'>,,,,,,,,
문구(가격포함),cell,21,AH21,주문방법(필수)_편집기,,,Values must be of type <class 'str'>,,,,,,,,
문구(가격포함),cell,21,AI21,개별포장(옵션),,,Values must be of type <class 'str'>,,,,,,,,
문구(가격포함),cell,21,AJ21,구간할인적용테이블,,,Values must be of type <class 'str'>,,,,,,,,
문구(가격포함),cell,21,AK21,COMMENT,,,Values must be of type <class 'str'>,,,,,,,,
문구(가격포함),cell,22,A22,구분,,,Values must be of type <class 'str'>,,,,,,,,
문구(가격포함),cell,22,B22,ID,,,Values must be of type <class 'str'>,,,,,,,,
문구(가격포함),cell,22,C22,MES ITEM_CD,,,Values must be of type <class 'str'>,,,,,,,,
문구(가격포함),cell,22,D22,상품명,,,Values must be of type <class 'str'>,,,,,,,,
문구(가격포함),cell,22,E22,사이즈(필수),,,Values must be of type <class 'str'>,,,,,,,,
문구(가격포함),cell,22,F22,내지파일사양_MES ITEM_CD,,,Values must be of type <class 'str'>,,,,,,,,
문구(가격포함),cell,22,G22,내지파일사양_블리드,,,Values must be of type <class 'str'>,,,,,,,,
문구(가격포함),cell,22,I22,내지파일사양_재단사이즈,,,Values must be of type <class 'str'>,,,,,,,,
문구(가격포함),cell,22,J22,내지파일사양_파일명약어,,,Values must be of type <class 'str'>,,,,,,,,
문구(가격포함),cell,22,K22,내지파일사양_출력파일,,,Values must be of type <class 'str'>,,,,,,,,
문구(가격포함),cell,22,L22,내지파일사양_폴더,,,Values must be of type <class 'str'>,,,,,,,,
문구(가격포함),cell,22,M22,내지(옵션),,,Values must be of type <class 'str'>,,,,,,,,
문구(가격포함),cell,22,N22,종이(옵션),,,Values must be of type <class 'str'>,,,,,,,,
문구(가격포함),cell,22,O22,내지인쇄사양,,,Values must be of type <class 'str'>,,,,,,,,
문구(가격포함),cell,22,P22,페이지사양_최소,,,Values must be of type <class 'str'>,,,,,,,,
문구(가격포함),cell,22,Q22,페이지사양_최대,,,Values must be of type <class 'str'>,,,,,,,,
문구(가격포함),cell,22,R22,페이지사양_증가,,,Values must be of type <class 'str'>,,,,,,,,
문구(가격포함),cell,22,S22,표지파일사양_MES ITEM_CD,,,Values must be of type <class 'str'>,,,,,,,,
문구(가격포함),cell,22,T22,표지파일사양_블리드,,,Values must be of type <class 'str'>,,,,,,,,
문구(가격포함),cell,22,U22,표지파일사양_작업사이즈,,,Values must be of type <class 'str'>,,,,,,,,
문구(가격포함),cell,22,V22,표지파일사양_파일명약어,,,Values must be of type <class 'str'>,,,,,,,,
문구(가격포함),cell,22,W22,표지파일사양_출력파일,,,Values must be of type <class 'str'>,,,,,,,,
문구(가격포함),cell,22,X22,표지파일사양_폴더,,,Values must be of type <class 'str'>,,,,,,,,
문구(가격포함),cell,22,Y22,표지사양,,,Values must be of type <class 'str'>,,,,,,,,
문구(가격포함),cell,22,Z22,표지인쇄사양,,,Values must be of type <class 'str'>,,,,,,,,
문구(가격포함),cell,22,AA22,제본옵션(옵션),,,Values must be of type <class 'str'>,,,,,,,,
문구(가격포함),cell,22,AB22,제본사양,,,Values must be of type <class 'str'>,,,,,,,,
문구(가격포함),cell,22,AC22,가격,,,Values must be of type <class 'str'>,,,,,,,,
문구(가격포함),cell,22,AD22,제작수량(필수)_최소,,,Values must be of type <class 'str'>,,,,,,,,
문구(가격포함),cell,22,AE22,제작수량(필수)_최대,,,Values must be of type <class 'str'>,,,,,,,,
문구(가격포함),cell,22,AF22,제작수량(필수)_증가,,,Values must be of type <class 'str'>,,,,,,,,
문구(가격포함),cell,22,AG22,주문방법(필수)_업로드,,,Values must be of type <class 'str'>,,,,,,,,
문구(가격포함),cell,22,AH22,주문방법(필수)_편집기,,,Values must be of type <class 'str'>,,,,,,,,
문구(가격포함),cell,22,AI22,개별포장(옵션),,,Values must be of type <class 'str'>,,,,,,,,
문구(가격포함),cell,22,AJ22,구간할인적용테이블,,,Values must be of type <class 'str'>,,,,,,,,
문구(가격포함),cell,22,AK22,COMMENT,,,Values must be of type <class 'str'>,,,,,,,,
문구(가격포함),cell,29,A29,구분,,,Values must be of type <class 'str'>,,,,,,,,
문구(가격포함),cell,29,B29,ID,,,Values must be of type <class 'str'>,,,,,,,,
문구(가격포함),cell,29,C29,MES ITEM_CD,,,Values must be of type <class 'str'>,,,,,,,,
문구(가격포함),cell,29,D29,상품명,FFB6D7A8,,Values must be of type <class 'str'>,,,,,,,,
문구(가격포함),cell,29,E29,사이즈(필수),,,Values must be of type <class 'str'>,,,,,,,,
문구(가격포함),cell,29,F29,내지파일사양_MES ITEM_CD,,,Values must be of type <class 'str'>,,,,,,,,
문구(가격포함),cell,29,G29,내지파일사양_블리드,,,Values must be of type <class 'str'>,,,,,,,,
문구(가격포함),cell,29,H29,내지파일사양_작업사이즈,,,Values must be of type <class 'str'>,,,,,,,,
문구(가격포함),cell,29,I29,내지파일사양_재단사이즈,,,Values must be of type <class 'str'>,,,,,,,,
문구(가격포함),cell,29,J29,내지파일사양_파일명약어,,,Values must be of type <class 'str'>,,,,,,,,
문구(가격포함),cell,29,K29,내지파일사양_출력파일,,,Values must be of type <class 'str'>,,,,,,,,
문구(가격포함),cell,29,L29,내지파일사양_폴더,,,Values must be of type <class 'str'>,,,,,,,,
문구(가격포함),cell,29,M29,내지(옵션),,,Values must be of type <class 'str'>,,,,,,,,
문구(가격포함),cell,29,N29,종이(옵션),,,Values must be of type <class 'str'>,,,,,,,,
문구(가격포함),cell,29,O29,내지인쇄사양,,,Values must be of type <class 'str'>,,,,,,,,
문구(가격포함),cell,29,P29,페이지사양_최소,,,Values must be of type <class 'str'>,,,,,,,,
문구(가격포함),cell,29,Q29,페이지사양_최대,,,Values must be of type <class 'str'>,,,,,,,,
문구(가격포함),cell,29,R29,페이지사양_증가,,,Values must be of type <class 'str'>,,,,,,,,
문구(가격포함),cell,29,S29,표지파일사양_MES ITEM_CD,,,Values must be of type <class 'str'>,,,,,,,,
문구(가격포함),cell,29,T29,표지파일사양_블리드,,,Values must be of type <class 'str'>,,,,,,,,
문구(가격포함),cell,29,U29,표지파일사양_작업사이즈,,,Values must be of type <class 'str'>,,,,,,,,
문구(가격포함),cell,29,V29,표지파일사양_파일명약어,,,Values must be of type <class 'str'>,,,,,,,,
문구(가격포함),cell,29,W29,표지파일사양_출력파일,,,Values must be of type <class 'str'>,,,,,,,,
문구(가격포함),cell,29,X29,표지파일사양_폴더,,,Values must be of type <class 'str'>,,,,,,,,
문구(가격포함),cell,29,Y29,표지사양,,,Values must be of type <class 'str'>,,,,,,,,
문구(가격포함),cell,29,Z29,표지인쇄사양,,,Values must be of type <class 'str'>,,,,,,,,
문구(가격포함),cell,29,AA29,제본옵션(옵션),,,Values must be of type <class 'str'>,,,,,,,,
문구(가격포함),cell,29,AB29,제본사양,,,Values must be of type <class 'str'>,,,,,,,,
문구(가격포함),cell,29,AC29,가격,,,Values must be of type <class 'str'>,,,,,,,,
문구(가격포함),cell,29,AD29,제작수량(필수)_최소,,,Values must be of type <class 'str'>,,,,,,,,
문구(가격포함),cell,29,AE29,제작수량(필수)_최대,,,Values must be of type <class 'str'>,,,,,,,,
문구(가격포함),cell,29,AF29,제작수량(필수)_증가,,,Values must be of type <class 'str'>,,,,,,,,
문구(가격포함),cell,29,AG29,주문방법(필수)_업로드,,,Values must be of type <class 'str'>,,,,,,,,
문구(가격포함),cell,29,AH29,주문방법(필수)_편집기,,,Values must be of type <class 'str'>,,,,,,,,
문구(가격포함),cell,29,AI29,개별포장(옵션),,,Values must be of type <class 'str'>,,,,,,,,
문구(가격포함),cell,29,AJ29,구간할인적용테이블,,,Values must be of type <class 'str'>,,,,,,,,
문구(가격포함),cell,29,AK29,COMMENT,,,Values must be of type <class 'str'>,,,,,,,,
